EmployeeID,DepartmentID,JobRoleID,HireDateKey,AttritionDateKey,Age,Gender,MaritalStatus,EducationLevel,EducationField,BusinessTravel,DistanceFromHome,JobLevel,MonthlyIncome,PercentSalaryHike,StockOptionLevel,OverTime,JobInvolvement,JobSatisfaction,EnvironmentSatisfaction,WorkLifeBalance,RelationshipSatisfaction,PerformanceRating,NumCompaniesWorked,TotalWorkingYears,YearsAtCompany,YearsInCurrentRole,YearsSinceLastPromotion,YearsWithCurrManager,TrainingTimesLastYear,Attrition
1,1,2,20240501,20260701,22,Female,Single,2,Medical,Non-Travel,8,1,3460,19,0,No,3,2,4,3,2,3,0,7.8,2.4,2.1,0.2,1.0,2,Yes
2,2,6,20181201,20220201,27,Male,Married,3,Life Sciences,Non-Travel,10,2,6860,24,0,No,2,1,4,3,4,4,3,12.6,7.8,6.3,5.7,4.2,6,Yes
3,2,8,20200801,,44,Male,Married,3,Marketing,Travel_Rarely,6,1,3980,14,1,No,4,4,2,1,2,3,4,11.7,6.1,4.2,0.4,3.9,1,No
4,3,10,20120301,,41,Male,Divorced,3,Technical Degree,Travel_Rarely,14,2,4820,14,3,No,2,3,4,4,2,3,2,18.2,14.5,3.8,3.6,8.1,5,No
5,1,2,20140301,,45,Female,Divorced,3,Technical Degree,Travel_Frequently,25,1,2620,22,2,No,2,3,2,4,4,3,4,19.4,12.5,0.1,9.0,8.5,5,No
6,2,4,20141001,,30,Female,Single,5,Human Resources,Travel_Frequently,27,1,3450,14,2,No,4,1,3,1,4,3,2,19.3,12.0,7.2,5.9,1.3,1,No
7,3,9,20211101,,31,Female,Divorced,3,Human Resources,Travel_Frequently,21,4,11320,12,0,No,3,2,2,1,3,3,3,12.2,4.8,3.6,3.3,3.4,0,No
8,1,2,20140701,,53,Male,Married,3,Other,Travel_Rarely,14,1,3330,17,0,Yes,3,4,1,3,3,3,6,13.3,12.2,11.4,7.0,5.8,5,No
9,1,2,20170301,20210801,36,Male,Single,3,Human Resources,Travel_Frequently,18,3,8240,12,3,Yes,4,2,3,2,3,3,6,11.1,9.6,4.4,8.4,0.7,3,Yes
10,2,5,20140301,20190701,50,Female,Married,5,Other,Travel_Rarely,18,1,3170,11,1,Yes,3,4,2,4,1,3,0,17.9,12.6,6.1,2.4,2.7,4,Yes
11,2,7,20241001,20251101,28,Male,Divorced,1,Human Resources,Travel_Rarely,11,2,5100,16,3,Yes,4,1,3,3,1,3,1,5.3,1.9,1.1,1.0,1.8,4,Yes
12,1,2,20140601,,36,Female,Married,3,Medical,Travel_Rarely,18,3,7360,25,0,Yes,2,1,3,2,3,3,0,17.9,12.3,7.5,12.1,8.0,1,No
13,2,5,20170201,,53,Female,Married,2,Life Sciences,Travel_Rarely,15,2,5890,25,1,No,2,1,3,3,3,3,2,16.2,9.6,0.4,3.2,1.3,2,No
14,1,1,20180901,,43,Male,Divorced,4,Medical,Travel_Frequently,8,5,19080,23,0,No,3,2,4,3,3,3,1,14.2,8.0,7.1,3.3,5.0,5,No
15,2,5,20210801,20230301,31,Male,Married,4,Life Sciences,Travel_Rarely,1,2,5430,23,0,No,3,3,4,3,4,3,6,6.7,5.1,4.7,1.8,4.2,2,Yes
16,1,1,20161101,,27,Female,Married,4,Other,Non-Travel,14,4,13870,19,1,Yes,4,4,2,3,4,4,2,14.7,9.9,5.1,3.8,5.7,4,No
17,1,2,20200101,,40,Female,Divorced,3,Technical Degree,Travel_Frequently,20,2,5920,14,0,No,3,4,3,3,2,3,5,11.1,6.7,1.3,4.5,2.5,6,No
18,1,2,20210801,,39,Female,Single,4,Medical,Travel_Frequently,3,4,11280,20,0,No,3,3,2,3,1,3,4,11.6,5.1,0.8,0.2,5.0,6,No
19,2,7,20140201,,35,Male,Divorced,3,Human Resources,Travel_Rarely,18,5,22660,22,2,No,3,4,3,2,4,3,5,14.6,12.6,10.7,5.8,10.1,6,No
20,2,5,20241201,,54,Female,Divorced,3,Medical,Non-Travel,8,1,2700,14,0,No,3,3,3,2,3,4,0,7.5,1.8,0.4,0.6,1.6,4,No
21,1,1,20191201,20240601,57,Female,Married,5,Life Sciences,Travel_Rarely,26,1,3320,11,0,No,3,4,4,4,4,4,5,12.8,6.8,5.8,6.5,2.8,4,Yes
22,3,10,20160401,,57,Male,Single,3,Other,Travel_Frequently,13,5,22590,17,0,Yes,2,1,3,4,3,3,2,11.9,10.4,2.7,3.4,4.7,6,No
23,1,1,20210401,20240901,22,Male,Single,4,Life Sciences,Travel_Rarely,12,2,5490,24,0,Yes,2,3,4,3,4,3,5,6.4,5.4,3.6,3.0,1.2,5,Yes
24,2,4,20131201,,27,Female,Divorced,4,Human Resources,Travel_Rarely,1,3,7750,12,0,No,3,4,3,2,2,3,4,19.1,12.8,4.4,5.5,4.7,5,No
25,3,9,20190601,,51,Female,Married,3,Other,Travel_Frequently,19,2,7400,13,1,No,3,2,2,3,4,3,1,14.1,7.3,6.1,0.6,6.4,4,No
26,1,2,20151201,,36,Female,Married,4,Human Resources,Travel_Rarely,8,2,5850,18,1,No,3,4,3,3,3,3,1,16.0,10.8,5.3,8.6,1.0,1,No
27,2,4,20220701,,41,Male,Divorced,5,Human Resources,Travel_Rarely,10,3,8090,15,0,No,3,2,4,3,3,3,6,5.7,4.2,3.1,1.2,2.5,6,No
28,1,2,20220701,,21,Female,Married,3,Technical Degree,Travel_Rarely,3,3,9890,13,0,No,3,2,4,2,4,3,0,11.9,4.2,1.1,3.6,0.5,6,No
29,3,9,20170101,20190901,45,Female,Married,4,Marketing,Travel_Rarely,7,1,3250,13,0,Yes,3,3,2,2,4,3,6,12.1,9.7,6.0,5.9,7.2,3,Yes
30,2,5,20120201,,58,Male,Married,3,Life Sciences,Travel_Rarely,24,4,15960,18,0,No,3,4,4,3,3,3,6,15.8,14.6,3.9,2.1,0.9,0,No
31,2,6,20131001,,59,Female,Single,3,Life Sciences,Non-Travel,25,2,4750,20,0,Yes,3,4,3,3,2,3,4,17.7,13.0,0.3,9.9,10.7,1,No
32,2,8,20190801,,39,Female,Divorced,3,Life Sciences,Travel_Frequently,22,2,5780,11,0,No,3,4,3,3,2,3,6,9.1,7.1,0.8,5.5,6.1,2,No
33,2,8,20230201,,28,Male,Divorced,4,Human Resources,Travel_Frequently,15,2,6800,15,1,No,2,4,4,2,3,3,6,6.1,3.6,0.0,1.5,0.8,4,No
34,1,3,20150401,,25,Female,Married,5,Marketing,Travel_Frequently,16,2,7390,18,0,No,3,3,3,2,2,3,4,13.6,11.5,0.0,8.3,9.6,4,No
35,2,7,20180201,,23,Female,Divorced,4,Technical Degree,Travel_Frequently,5,2,6880,18,0,No,4,1,1,4,4,3,3,11.7,8.6,5.7,7.1,8.4,6,No
36,2,6,20140901,,60,Female,Divorced,4,Life Sciences,Travel_Rarely,20,2,4030,25,0,Yes,2,1,4,3,4,3,6,15.1,12.1,3.8,8.7,9.2,1,No
37,1,1,20161201,,23,Female,Single,3,Marketing,Travel_Rarely,20,2,5630,13,0,No,3,3,4,4,3,3,1,10.9,9.7,5.2,5.5,7.7,4,No
38,2,8,20160501,,43,Female,Divorced,4,Technical Degree,Travel_Rarely,12,5,26540,15,0,No,4,3,1,4,4,4,1,17.1,10.3,2.1,4.0,5.0,4,No
39,2,5,20210101,,35,Female,Single,2,Other,Non-Travel,21,1,2490,22,0,No,4,2,3,2,4,4,5,11.1,5.7,4.1,3.8,4.8,2,No
40,2,5,20190101,,31,Female,Married,4,Marketing,Travel_Frequently,24,2,5970,24,2,No,3,4,1,3,3,3,1,14.1,7.7,3.6,0.6,5.8,5,No
41,2,7,20121001,,44,Male,Divorced,3,Medical,Travel_Rarely,15,1,2930,11,0,No,3,1,4,2,3,3,0,21.1,14.0,7.9,12.8,3.1,5,No
42,3,9,20150901,,47,Male,Married,2,Other,Travel_Rarely,8,1,3370,21,0,No,4,3,1,2,4,4,1,16.0,11.1,10.4,3.1,7.7,6,No
43,2,4,20231001,20250301,59,Male,Single,3,Marketing,Travel_Rarely,28,3,9000,15,2,Yes,2,1,2,2,3,3,4,9.2,2.9,0.6,2.4,1.6,0,Yes
44,3,10,20170301,,41,Male,Single,2,Marketing,Travel_Rarely,15,4,9940,11,1,No,4,4,2,3,1,4,4,13.7,9.5,7.1,4.5,7.4,6,No
45,1,2,20230401,,52,Female,Single,3,Life Sciences,Travel_Rarely,20,2,5140,22,0,No,3,4,3,4,3,4,2,3.9,3.4,0.9,2.2,1.9,3,No
46,2,8,20190801,,46,Female,Divorced,3,Life Sciences,Non-Travel,3,1,3040,22,0,Yes,2,1,4,3,3,3,0,12.4,7.1,2.7,1.1,6.6,6,No
47,2,7,20130901,20191101,24,Female,Divorced,3,Marketing,Travel_Frequently,12,1,3290,19,3,Yes,3,3,3,1,4,3,2,17.2,13.1,2.0,6.3,11.1,2,Yes
48,2,5,20131201,20151101,42,Female,Single,4,Medical,Travel_Rarely,7,2,6540,13,0,No,3,4,3,1,1,3,0,18.1,12.8,0.9,9.5,12.4,4,Yes
49,2,5,20200701,,49,Female,Married,3,Human Resources,Travel_Rarely,16,1,3510,11,0,No,2,2,1,2,2,3,5,7.9,6.2,3.2,2.1,0.7,5,No
50,1,3,20180901,20191201,45,Male,Divorced,4,Human Resources,Travel_Frequently,19,2,8310,21,0,No,2,1,2,4,3,3,0,8.6,8.0,6.9,0.3,0.1,2,Yes
51,2,4,20190901,,48,Female,Divorced,3,Life Sciences,Non-Travel,17,3,6210,21,2,Yes,2,1,2,3,4,3,5,13.0,7.0,1.6,5.5,0.5,1,No
52,2,8,20120801,,50,Female,Divorced,4,Human Resources,Travel_Rarely,10,2,7510,16,1,No,2,3,1,4,1,4,3,16.7,14.1,13.7,4.5,6.2,6,No
53,3,10,20250901,,53,Female,Married,3,Human Resources,Travel_Rarely,2,3,10770,12,1,No,2,2,3,3,3,3,3,4.6,1.0,0.8,0.7,0.3,2,No
54,2,7,20120701,,47,Female,Divorced,2,Human Resources,Travel_Rarely,28,4,7330,24,0,No,2,4,4,2,3,3,2,19.4,14.2,0.9,1.3,9.6,1,No
55,1,2,20141101,,40,Female,Divorced,4,Marketing,Travel_Rarely,7,3,11020,13,0,No,4,1,4,4,4,3,2,12.6,11.9,8.0,6.1,0.2,2,No
56,3,10,20120801,,29,Female,Single,2,Medical,Travel_Rarely,15,3,15100,23,0,No,3,2,4,3,4,3,5,20.6,14.1,2.3,6.2,5.8,4,No
57,2,8,20230101,,39,Female,Divorced,3,Human Resources,Travel_Rarely,12,1,3840,15,0,No,2,3,3,4,1,4,5,10.2,3.7,3.0,0.5,0.9,6,No
58,2,6,20210501,20220801,22,Female,Single,3,Technical Degree,Travel_Frequently,21,1,2270,11,0,No,3,4,1,3,3,3,0,8.5,5.4,0.4,1.2,1.7,0,Yes
59,1,3,20231201,20250601,56,Female,Single,3,Marketing,Travel_Frequently,16,1,2770,13,0,No,1,3,3,2,3,3,0,3.2,2.8,1.2,2.2,1.3,2,Yes
60,3,9,20171201,,53,Male,Married,1,Technical Degree,Travel_Rarely,22,3,8390,22,2,No,2,3,2,3,4,3,2,16.6,8.8,2.2,0.1,6.9,5,No
61,1,3,20220201,,29,Male,Divorced,1,Technical Degree,Travel_Rarely,27,1,3210,16,2,No,1,4,2,3,3,3,4,5.0,4.6,0.9,0.2,4.3,3,No
62,2,7,20150101,,42,Male,Married,3,Other,Travel_Rarely,10,1,2820,21,0,No,3,4,2,3,3,3,6,13.8,11.7,1.0,5.0,5.0,2,No
63,2,7,20180701,20220901,38,Male,Single,4,Other,Travel_Rarely,26,1,3270,16,0,No,3,3,4,4,3,3,6,12.3,8.2,6.1,1.3,0.3,4,Yes
64,2,7,20220601,,41,Female,Single,1,Life Sciences,Travel_Rarely,7,1,4030,25,3,No,2,1,1,2,4,4,2,8.3,4.3,1.7,2.4,1.1,6,No
65,2,6,20191201,,43,Male,Divorced,3,Human Resources,Travel_Rarely,8,1,3850,11,0,Yes,3,3,4,2,4,3,6,13.6,6.8,4.8,6.3,4.3,3,No
66,2,8,20190701,20250601,54,Female,Married,2,Human Resources,Travel_Frequently,21,3,10570,13,0,No,4,1,1,2,2,3,6,12.3,7.2,3.2,4.9,2.5,5,Yes
67,2,5,20200701,,26,Female,Single,5,Other,Travel_Rarely,19,3,8120,24,3,Yes,1,4,1,4,4,3,1,7.2,6.2,1.9,3.3,3.1,1,No
68,2,7,20120401,20200801,60,Male,Married,3,Other,Travel_Rarely,23,2,4170,18,1,Yes,3,1,4,2,4,3,2,22.2,14.5,7.0,11.7,9.9,3,Yes
69,3,9,20200801,,56,Male,Married,3,Medical,Travel_Rarely,8,4,15120,22,0,No,3,3,3,3,2,3,6,9.7,6.1,0.9,0.3,5.8,3,No
70,2,4,20130401,,34,Female,Single,3,Life Sciences,Non-Travel,5,3,5210,23,0,No,1,1,3,3,2,3,6,20.6,13.5,8.8,6.4,7.2,3,No
71,2,5,20190101,,60,Male,Single,3,Life Sciences,Travel_Rarely,2,3,9120,13,1,Yes,3,2,3,2,4,3,3,12.2,7.7,2.8,1.1,4.6,2,No
72,3,9,20260401,,53,Female,Divorced,3,Human Resources,Travel_Frequently,28,1,2540,18,0,No,3,4,3,2,1,3,6,3.4,0.5,0.3,0.5,0.3,4,No
73,3,10,20240301,,45,Male,Divorced,1,Medical,Travel_Rarely,25,2,6420,22,0,No,2,2,4,3,2,3,1,4.0,2.5,1.1,1.0,1.0,4,No
74,2,6,20191201,,37,Female,Single,3,Medical,Travel_Rarely,16,1,2440,25,3,No,3,2,3,3,4,3,1,8.6,6.8,6.6,2.0,2.0,2,No
75,1,3,20160901,20221201,39,Male,Married,2,Other,Travel_Frequently,23,1,3180,11,1,Yes,3,3,1,3,4,3,2,15.2,10.0,7.5,2.1,8.3,6,Yes
76,1,3,20200301,,47,Female,Married,2,Other,Travel_Rarely,24,4,11270,25,3,No,3,4,4,1,4,3,4,9.1,6.5,4.2,5.9,0.6,1,No
77,2,5,20190201,,23,Male,Married,4,Human Resources,Travel_Frequently,15,3,7300,21,0,Yes,2,4,4,3,4,3,1,9.9,7.6,7.5,4.1,3.8,6,No
78,2,7,20220701,,48,Female,Single,4,Technical Degree,Travel_Rarely,25,1,4020,20,1,Yes,1,4,4,1,1,3,3,12.1,4.2,2.0,3.9,0.0,3,No
79,2,5,20230801,,28,Female,Married,3,Human Resources,Travel_Rarely,16,3,9690,21,2,No,4,1,3,3,1,3,5,6.9,3.1,1.4,3.1,1.2,0,No
80,3,9,20160901,,33,Male,Single,4,Marketing,Travel_Rarely,2,2,4010,18,1,No,3,4,2,1,2,3,4,10.9,10.0,2.1,5.8,0.9,1,No
81,1,1,20250401,,48,Female,Divorced,3,Life Sciences,Travel_Rarely,5,5,16830,25,0,No,4,4,3,3,3,3,3,8.9,1.4,0.1,1.3,0.0,5,No
82,1,2,20210801,,32,Female,Divorced,4,Medical,Travel_Rarely,18,1,2720,18,0,No,2,4,4,2,4,3,5,11.8,5.1,3.9,5.0,2.4,6,No
83,1,1,20160801,,36,Male,Single,3,Life Sciences,Travel_Rarely,18,4,15600,15,0,Yes,4,3,3,3,4,3,3,14.9,10.1,7.1,0.5,7.5,1,No
84,3,9,20130501,,35,Female,Married,2,Marketing,Non-Travel,12,3,9130,23,1,No,3,3,2,2,3,3,3,20.4,13.4,12.2,8.4,5.7,1,No
85,1,3,20140201,,50,Male,Divorced,5,Technical Degree,Travel_Frequently,28,2,5650,17,1,No,3,4,2,3,4,3,0,16.8,12.6,4.9,3.2,4.2,3,No
86,2,6,20240101,,40,Male,Single,5,Medical,Travel_Rarely,30,1,3040,15,0,Yes,3,3,2,3,3,3,5,8.7,2.7,2.0,2.5,1.9,5,No
87,2,6,20210901,,34,Female,Married,1,Technical Degree,Travel_Rarely,5,1,2810,19,1,Yes,3,2,4,4,3,3,5,10.9,5.0,0.1,2.8,2.9,1,No
88,2,6,20140601,,31,Male,Divorced,3,Human Resources,Travel_Frequently,22,1,3020,13,2,Yes,2,4,1,3,3,3,0,20.1,12.2,11.7,6.4,10.2,5,No
89,2,8,20260501,,52,Male,Single,3,Human Resources,Travel_Frequently,22,4,15250,19,0,No,2,3,4,2,3,3,4,0.4,0.3,0.2,0.2,0.1,3,No
90,2,4,20120101,,35,Female,Divorced,4,Life Sciences,Travel_Rarely,23,2,7500,17,1,Yes,3,4,4,4,4,3,0,20.8,14.7,1.4,5.6,8.1,6,No
91,3,10,20200501,20210401,51,Female,Single,4,Life Sciences,Non-Travel,7,3,8140,12,0,No,3,3,4,3,3,3,2,13.6,6.4,3.6,0.2,5.9,5,Yes
92,3,9,20241201,,43,Male,Single,3,Technical Degree,Travel_Rarely,21,5,15650,18,0,Yes,3,3,2,3,3,3,6,4.5,1.8,1.4,1.7,0.7,2,No
93,1,2,20120601,20210301,26,Female,Single,4,Technical Degree,Travel_Rarely,25,1,3440,19,1,Yes,2,1,3,3,4,4,2,15.5,14.3,5.6,5.2,1.3,0,Yes
94,1,2,20180201,20250201,56,Male,Divorced,2,Human Resources,Travel_Rarely,14,3,10040,16,0,Yes,2,3,3,2,1,3,1,10.0,8.6,2.3,2.3,1.3,3,Yes
95,2,7,20120101,,42,Female,Married,4,Technical Degree,Travel_Rarely,6,5,17640,18,3,No,3,2,2,3,3,4,1,22.5,14.7,2.0,4.7,13.9,1,No
96,3,9,20211201,,32,Male,Divorced,5,Technical Degree,Travel_Frequently,22,2,6970,14,0,No,2,3,3,3,3,3,6,8.3,4.8,1.4,3.3,3.9,4,No
97,2,7,20140801,,55,Male,Married,4,Other,Travel_Rarely,21,2,4620,23,0,No,3,1,1,2,4,3,5,16.9,12.1,11.1,1.3,3.0,5,No
98,2,8,20150601,,44,Female,Married,3,Other,Non-Travel,24,1,2540,18,2,Yes,3,2,1,3,3,3,0,12.5,11.3,11.3,5.5,3.3,0,No
99,1,2,20221201,,22,Female,Divorced,4,Life Sciences,Travel_Rarely,15,2,6070,17,0,Yes,3,4,3,3,1,3,2,11.2,3.8,2.8,2.0,2.1,2,No
100,1,2,20220301,20221201,57,Male,Divorced,3,Medical,Travel_Rarely,13,2,6800,16,0,No,3,2,4,4,4,3,5,8.2,4.5,1.2,3.9,2.4,5,Yes
101,2,4,20150301,,40,Male,Single,4,Marketing,Travel_Rarely,23,4,13660,15,0,No,2,3,1,3,1,3,3,14.6,11.5,6.9,6.6,4.9,6,No
102,3,9,20160901,,53,Female,Married,3,Other,Non-Travel,8,1,3510,18,1,No,3,3,3,3,2,3,2,13.9,10.0,0.8,0.3,7.6,2,No
103,1,1,20111201,,49,Male,Married,4,Life Sciences,Travel_Frequently,3,5,19400,23,1,No,3,4,3,3,3,3,2,20.8,14.8,4.4,14.8,6.7,6,No
104,1,1,20221101,,57,Female,Divorced,3,Marketing,Travel_Rarely,29,1,2780,23,2,No,4,4,4,2,4,3,6,6.5,3.9,2.7,1.1,1.0,5,No
105,2,4,20120701,20240801,46,Female,Single,4,Human Resources,Travel_Rarely,24,4,9100,16,1,Yes,4,4,1,4,3,3,0,17.5,14.2,6.4,9.0,12.5,6,Yes
106,2,7,20200401,,34,Female,Single,3,Technical Degree,Travel_Frequently,25,1,4230,23,2,Yes,1,4,2,3,4,3,2,9.1,6.4,3.7,3.6,3.1,5,No
107,2,5,20241001,20250401,31,Female,Single,3,Other,Travel_Rarely,25,3,8480,18,0,Yes,3,3,3,1,3,3,2,4.9,1.9,1.7,0.3,0.8,6,Yes
108,2,8,20240501,,25,Male,Married,4,Life Sciences,Travel_Frequently,5,3,8430,12,1,No,1,4,3,3,3,3,6,3.2,2.4,0.9,0.7,0.9,3,No
109,2,8,20130601,20181101,34,Male,Single,4,Medical,Travel_Rarely,3,2,5350,22,0,Yes,4,4,2,3,2,3,1,19.1,13.3,4.7,5.7,10.5,5,Yes
110,2,8,20250101,,45,Male,Single,4,Technical Degree,Travel_Rarely,27,2,4700,21,0,No,3,4,1,3,1,3,1,5.9,1.7,1.7,1.7,1.6,0,No
111,2,7,20170501,20200201,53,Female,Divorced,3,Other,Travel_Rarely,10,4,14340,16,0,Yes,3,4,4,1,3,3,1,12.8,9.4,3.8,6.0,5.1,6,Yes
112,1,2,20190901,,48,Male,Married,4,Human Resources,Travel_Rarely,6,1,3150,19,2,No,3,2,1,3,2,4,1,12.3,7.0,4.6,1.2,0.1,6,No
113,2,6,20130901,20140801,48,Female,Divorced,3,Life Sciences,Travel_Rarely,12,3,10300,12,0,Yes,3,1,4,2,3,3,6,18.0,13.0,6.4,6.6,0.7,1,Yes
114,3,9,20190601,20221201,47,Male,Married,3,Medical,Travel_Rarely,26,1,2670,17,0,No,3,2,4,2,3,3,0,9.5,7.3,0.6,2.7,3.7,1,Yes
115,3,10,20220401,,36,Female,Married,5,Human Resources,Non-Travel,18,3,11190,11,2,No,3,4,2,2,4,3,3,10.4,4.5,2.5,3.6,0.7,0,No
116,1,3,20141201,,38,Male,Single,4,Medical,Non-Travel,5,2,3800,20,1,No,3,4,2,2,2,3,4,15.0,11.7,10.5,5.4,8.8,5,No
117,2,6,20220201,,41,Female,Married,2,Medical,Travel_Rarely,14,2,5640,18,0,Yes,2,2,4,4,3,3,3,5.7,4.6,3.5,0.5,0.5,6,No
118,1,3,20191201,,26,Male,Married,3,Technical Degree,Travel_Rarely,18,2,4420,23,2,Yes,2,1,4,2,2,3,3,8.9,6.8,6.7,0.2,2.7,5,No
119,1,2,20220301,,58,Female,Single,5,Life Sciences,Travel_Frequently,4,2,6140,24,1,Yes,3,3,3,3,4,3,6,11.7,4.5,2.0,0.6,4.1,3,No
120,1,1,20140401,,60,Male,Divorced,3,Marketing,Travel_Frequently,17,5,22890,19,2,Yes,4,4,3,3,3,4,5,16.2,12.4,1.1,4.7,5.2,4,No
121,2,5,20200501,20230201,32,Male,Married,3,Human Resources,Travel_Frequently,4,1,2200,22,0,Yes,4,2,4,3,3,3,1,6.9,6.4,6.3,3.4,4.9,6,Yes
122,3,10,20181001,20201101,41,Female,Divorced,4,Life Sciences,Travel_Frequently,16,1,2990,11,0,No,2,2,3,1,4,3,6,15.6,8.0,4.5,4.5,1.5,1,Yes
123,2,6,20230601,,24,Male,Single,4,Human Resources,Travel_Rarely,22,1,3100,13,1,No,3,3,3,2,4,3,2,9.5,3.3,2.8,2.8,3.2,4,No
124,2,4,20200101,20230901,58,Male,Married,4,Marketing,Travel_Frequently,25,1,3500,20,0,No,3,3,3,2,3,3,3,7.7,6.7,4.9,6.4,6.4,0,Yes
125,1,3,20210101,,26,Female,Married,3,Life Sciences,Travel_Rarely,24,1,2180,16,1,No,2,3,4,3,3,3,0,11.2,5.7,2.0,4.5,4.1,0,No
126,1,1,20241201,,39,Male,Married,5,Marketing,Travel_Rarely,20,3,10130,17,3,No,2,4,2,2,2,3,0,4.4,1.7,1.5,0.3,0.1,5,No
127,3,9,20171101,20240101,37,Female,Married,2,Medical,Non-Travel,27,2,5570,13,1,No,4,3,1,3,3,4,3,13.5,8.9,7.5,1.4,3.2,2,Yes
128,2,7,20250801,,32,Female,Married,2,Marketing,Travel_Rarely,23,1,3330,16,2,No,3,4,2,1,3,3,0,3.2,1.1,0.5,0.2,0.3,4,No
129,2,8,20251101,,57,Male,Married,2,Marketing,Non-Travel,25,4,13800,14,0,No,3,4,3,4,3,3,4,4.9,0.9,0.8,0.7,0.6,2,No
130,1,2,20200601,,26,Female,Divorced,3,Technical Degree,Travel_Rarely,14,1,3540,20,1,Yes,3,4,4,3,1,3,4,10.5,6.3,5.8,0.1,4.4,4,No
131,2,7,20160101,20251101,37,Female,Divorced,3,Technical Degree,Travel_Rarely,13,1,3270,25,0,No,3,2,4,2,4,4,5,11.0,10.7,2.9,1.5,6.5,5,Yes
132,2,4,20190601,,29,Female,Divorced,4,Technical Degree,Travel_Frequently,14,3,11020,24,0,No,1,4,1,3,3,3,1,9.5,7.3,3.0,4.7,1.4,4,No
133,1,1,20160601,20161001,32,Male,Single,3,Life Sciences,Travel_Rarely,21,3,8590,18,0,No,4,3,2,2,4,3,3,10.7,10.3,3.7,2.1,3.8,5,Yes
134,2,7,20120201,20200801,24,Male,Divorced,4,Medical,Travel_Frequently,25,2,6650,13,1,No,3,1,2,4,2,4,6,16.4,14.6,3.0,9.5,7.5,5,Yes
135,2,6,20141201,20180601,50,Female,Single,3,Technical Degree,Travel_Frequently,27,2,4850,12,1,No,3,2,2,2,3,4,5,18.4,11.8,4.7,1.2,6.0,5,Yes
136,3,9,20230701,,36,Male,Divorced,4,Technical Degree,Travel_Rarely,24,3,7680,20,2,Yes,3,4,4,3,3,4,3,9.0,3.2,2.1,3.2,0.8,2,No
137,1,3,20201101,20230201,56,Male,Married,3,Life Sciences,Travel_Rarely,8,3,7550,16,0,No,3,3,1,1,3,3,2,11.7,5.9,3.3,5.4,5.6,4,Yes
138,3,9,20230401,,28,Female,Divorced,3,Marketing,Non-Travel,28,3,11020,18,0,No,4,2,1,3,2,3,3,4.6,3.5,0.7,1.4,2.0,4,No
139,2,8,20170801,20180301,26,Male,Divorced,4,Technical Degree,Travel_Rarely,1,3,8210,11,1,No,2,4,2,2,3,3,5,12.5,9.1,4.3,0.0,4.9,1,Yes
140,2,5,20190101,,39,Female,Divorced,3,Human Resources,Travel_Rarely,7,4,12910,23,0,Yes,2,4,1,3,3,3,3,11.2,7.7,5.3,1.0,7.7,2,No
141,1,1,20250701,,45,Female,Divorced,1,Human Resources,Travel_Rarely,4,2,6370,21,0,No,3,1,3,3,4,3,3,6.5,1.2,0.8,0.0,0.8,0,No
142,3,10,20121201,20150201,28,Female,Single,3,Life Sciences,Travel_Rarely,6,2,6750,14,1,Yes,3,2,1,1,1,3,5,15.3,13.7,3.6,7.2,2.8,3,Yes
143,3,9,20200101,20231201,25,Male,Married,3,Other,Travel_Rarely,26,2,6940,25,0,No,4,4,2,3,3,3,6,8.8,6.7,0.3,5.4,5.9,5,Yes
144,1,3,20180101,,28,Female,Married,3,Technical Degree,Non-Travel,23,5,23440,24,0,No,3,3,4,3,2,3,1,14.2,8.7,4.2,3.7,7.7,2,No
145,1,3,20250301,,51,Female,Single,3,Technical Degree,Travel_Rarely,24,5,17500,19,1,No,3,3,4,3,3,3,6,3.6,1.5,0.5,1.1,1.0,1,No
146,3,9,20150401,,60,Male,Single,5,Other,Travel_Rarely,11,1,2740,14,1,No,3,4,1,3,3,3,3,18.2,11.4,9.7,9.9,0.9,3,No
147,1,2,20140201,,52,Male,Single,3,Technical Degree,Travel_Rarely,17,3,7160,24,0,No,2,3,3,3,3,3,5,17.0,12.6,10.4,10.0,12.1,5,No
148,1,2,20200201,,35,Male,Married,4,Marketing,Non-Travel,23,2,5750,15,1,No,2,4,3,3,4,3,3,11.0,6.6,2.5,0.7,5.9,0,No
149,1,1,20150501,,58,Male,Married,4,Technical Degree,Travel_Frequently,16,3,10480,13,1,No,2,3,3,4,3,3,3,12.5,11.4,5.7,6.0,0.6,4,No
150,2,4,20230801,,38,Female,Married,3,Marketing,Travel_Rarely,28,3,7240,19,1,No,2,3,2,2,3,4,6,4.2,3.1,1.9,2.7,1.6,5,No
151,1,3,20140101,,53,Female,Divorced,4,Life Sciences,Travel_Frequently,18,3,9170,11,0,Yes,1,1,2,3,4,3,5,16.5,12.7,7.2,8.5,5.3,1,No
152,2,5,20140101,,34,Male,Married,2,Technical Degree,Travel_Frequently,23,3,6760,25,0,Yes,3,4,4,4,1,3,6,19.6,12.7,9.4,7.1,3.0,1,No
153,2,8,20220401,,35,Female,Divorced,4,Human Resources,Non-Travel,6,1,3650,15,0,No,3,2,2,3,2,3,5,10.7,4.5,4.3,1.3,0.8,2,No
154,3,10,20190701,,40,Female,Divorced,3,Human Resources,Travel_Rarely,18,1,3320,25,0,No,3,3,2,3,3,4,1,11.4,7.2,6.9,3.7,5.7,6,No
155,1,1,20121101,,28,Female,Married,5,Medical,Travel_Frequently,4,2,5050,24,2,No,3,3,3,2,3,3,3,21.2,13.9,3.4,0.6,12.3,0,No
156,1,3,20120701,,55,Male,Divorced,3,Life Sciences,Travel_Frequently,29,3,11800,21,2,No,1,4,1,3,1,3,4,20.4,14.2,12.3,6.0,1.5,1,No
157,3,9,20120701,,25,Male,Married,3,Technical Degree,Travel_Rarely,20,3,11350,16,3,Yes,2,4,2,1,4,3,0,17.4,14.2,4.5,5.5,1.7,3,No
158,1,1,20171101,,51,Male,Divorced,2,Medical,Travel_Rarely,30,4,14280,21,0,No,4,3,3,2,1,3,2,15.3,8.9,7.6,2.6,5.6,4,No
159,1,2,20181201,20250701,40,Male,Divorced,5,Other,Travel_Rarely,27,1,2840,11,2,Yes,4,4,3,3,2,3,1,9.5,7.8,7.1,6.6,1.1,0,Yes
160,2,8,20240501,,42,Female,Single,4,Other,Travel_Rarely,10,1,2540,20,0,No,2,3,1,2,2,3,2,4.6,2.3,0.2,0.4,1.1,3,No
161,2,6,20191001,,29,Female,Married,3,Technical Degree,Travel_Frequently,5,1,3120,22,0,No,1,3,1,3,3,3,2,10.8,6.9,0.8,4.5,0.6,0,No
162,3,9,20210801,,55,Female,Divorced,3,Medical,Travel_Rarely,13,1,2400,14,2,No,3,3,2,3,3,3,4,12.2,5.1,3.0,4.4,0.7,4,No
163,1,3,20210601,,51,Female,Single,4,Medical,Travel_Rarely,16,4,16280,12,1,No,3,4,4,2,3,3,6,5.8,5.3,2.0,0.2,1.1,5,No
164,3,10,20180901,,25,Female,Married,3,Medical,Travel_Rarely,5,1,3410,19,1,No,2,2,3,3,1,3,0,14.5,8.0,2.8,6.3,7.1,6,No
165,1,2,20120201,,51,Female,Married,3,Medical,Non-Travel,17,2,6220,13,1,Yes,3,4,3,4,4,3,1,21.3,14.6,0.3,0.6,8.4,0,No
166,3,10,20130301,,51,Female,Single,4,Medical,Travel_Rarely,24,4,13620,20,1,No,2,3,1,2,4,3,4,14.7,13.6,7.9,10.4,8.5,3,No
167,3,10,20140901,,27,Male,Married,3,Human Resources,Travel_Rarely,1,3,7400,16,2,No,3,3,4,3,4,3,4,16.0,12.0,1.4,5.8,1.6,6,No
168,3,10,20210601,,27,Female,Single,3,Marketing,Travel_Rarely,23,1,2640,19,0,No,1,4,4,2,3,3,2,12.6,5.3,0.4,3.2,2.9,5,No
169,2,5,20170901,20210801,55,Female,Divorced,4,Marketing,Travel_Rarely,16,1,2700,22,0,Yes,4,1,2,3,4,3,2,15.0,9.0,3.7,7.1,4.3,4,Yes
170,3,9,20260701,20260901,60,Male,Single,5,Technical Degree,Non-Travel,8,2,6780,22,0,No,4,3,3,3,3,4,0,6.6,0.2,0.2,0.1,0.1,6,Yes
171,2,8,20251101,,21,Male,Divorced,3,Human Resources,Non-Travel,8,5,21350,17,0,No,3,3,3,3,1,3,5,7.1,0.8,0.4,0.6,0.5,2,No
172,3,9,20220401,,58,Female,Married,3,Marketing,Non-Travel,3,1,3440,12,2,No,4,4,4,3,3,4,4,8.0,4.4,1.8,0.0,0.8,4,No
173,2,4,20260101,20260401,42,Female,Divorced,4,Technical Degree,Travel_Rarely,8,2,4760,22,2,No,2,1,4,4,1,4,1,4.6,0.7,0.2,0.3,0.6,3,Yes
174,3,10,20220501,,38,Male,Divorced,5,Other,Travel_Rarely,27,2,6480,13,2,Yes,2,1,4,3,1,4,1,8.3,4.3,0.9,3.2,3.8,0,No
175,2,6,20150801,,60,Female,Married,4,Human Resources,Travel_Rarely,2,2,5740,16,0,No,3,2,4,3,3,3,6,12.6,11.1,8.5,5.7,4.4,0,No
176,2,7,20201001,,58,Male,Married,4,Marketing,Travel_Rarely,16,2,5410,23,0,No,4,2,2,2,3,3,2,7.4,5.9,1.6,1.6,5.7,0,No
177,2,4,20230401,20250501,56,Female,Married,2,Medical,Travel_Rarely,18,3,7890,20,0,No,2,2,2,2,4,3,6,7.2,3.4,0.0,1.4,0.5,5,Yes
178,2,6,20181001,,56,Female,Married,3,Life Sciences,Travel_Rarely,25,1,3900,19,1,Yes,3,4,3,2,3,3,5,14.9,8.0,7.7,1.6,4.6,1,No
179,2,6,20210701,,47,Female,Single,2,Life Sciences,Travel_Rarely,15,4,12960,18,0,No,2,1,4,3,4,3,3,7.7,5.2,3.4,3.7,3.1,0,No
180,2,7,20260101,,27,Male,Single,3,Technical Degree,Travel_Rarely,21,2,4300,14,0,No,2,3,1,4,1,3,4,6.9,0.7,0.4,0.7,0.1,6,No
181,2,8,20140701,,50,Female,Divorced,2,Technical Degree,Travel_Rarely,21,1,2790,23,0,No,2,3,2,1,3,3,4,13.6,12.2,7.3,7.7,7.8,1,No
182,2,8,20151201,,55,Male,Divorced,5,Technical Degree,Non-Travel,12,4,15390,17,0,Yes,2,4,3,3,2,3,6,13.2,10.8,8.3,8.6,6.4,1,No
183,3,10,20200801,20260301,38,Female,Divorced,3,Other,Travel_Rarely,15,2,5570,11,3,Yes,1,4,2,2,3,3,5,9.4,6.1,5.2,1.1,1.8,0,Yes
184,2,4,20160401,,42,Female,Married,5,Technical Degree,Non-Travel,25,2,5680,13,0,No,4,4,4,2,4,3,1,16.1,10.5,0.3,0.8,7.9,6,No
185,2,4,20141201,20210301,23,Male,Married,4,Other,Travel_Rarely,24,4,11230,21,0,Yes,3,1,4,4,2,3,2,17.1,11.8,2.5,4.6,11.3,0,Yes
186,3,10,20130801,20260301,28,Female,Single,5,Life Sciences,Travel_Rarely,16,2,5400,25,3,Yes,3,1,3,2,3,3,0,19.4,13.1,6.2,7.8,4.9,3,Yes
187,2,6,20230801,,49,Male,Single,3,Other,Travel_Rarely,7,2,5000,24,2,No,4,3,1,2,2,3,4,5.1,3.1,0.1,2.2,1.7,2,No
188,3,9,20120901,,45,Male,Single,4,Human Resources,Travel_Rarely,22,2,6500,20,0,No,3,2,1,3,1,4,3,15.9,14.0,10.1,9.2,7.5,1,No
189,2,4,20120401,,27,Female,Single,1,Life Sciences,Non-Travel,8,1,3560,18,3,No,4,3,3,3,4,4,2,21.2,14.5,9.5,7.6,10.2,6,No
190,1,1,20191101,,60,Female,Divorced,4,Life Sciences,Travel_Rarely,7,3,8060,20,1,Yes,2,4,3,2,3,3,1,7.5,6.9,1.5,3.6,0.7,3,No
191,2,7,20190201,,27,Male,Single,3,Human Resources,Travel_Rarely,11,2,4260,16,1,No,3,2,4,4,2,4,2,13.0,7.7,4.1,4.6,7.2,3,No
192,1,1,20191101,20221101,23,Female,Divorced,3,Life Sciences,Travel_Frequently,23,4,9750,19,1,No,4,2,1,3,2,3,6,7.0,6.9,6.8,1.5,2.2,4,Yes
193,2,5,20190501,20260301,26,Female,Divorced,4,Medical,Travel_Frequently,4,1,3110,12,2,No,4,2,4,3,4,3,4,13.7,7.4,1.3,6.1,5.1,6,Yes
194,1,1,20140701,,45,Male,Married,1,Human Resources,Travel_Rarely,13,3,6510,20,1,No,2,2,3,2,1,3,5,16.7,12.2,4.0,8.5,1.9,0,No
195,2,5,20230901,,26,Female,Divorced,4,Technical Degree,Travel_Rarely,20,2,5540,17,0,No,4,1,4,3,3,3,4,9.1,3.0,1.4,0.6,1.2,4,No
196,2,5,20161001,,31,Female,Divorced,4,Technical Degree,Travel_Rarely,3,1,3650,20,3,Yes,4,4,1,3,1,3,6,10.4,10.0,8.2,2.0,3.7,0,No
197,3,9,20140501,,34,Male,Divorced,4,Human Resources,Travel_Rarely,29,1,3430,23,1,No,2,3,4,1,3,3,0,16.3,12.4,9.1,1.8,8.7,5,No
198,1,2,20180201,,22,Female,Divorced,3,Technical Degree,Travel_Rarely,6,5,21450,19,3,Yes,1,2,3,2,3,3,4,12.7,8.6,6.1,7.8,4.2,2,No
199,2,6,20120801,,40,Male,Divorced,4,Marketing,Travel_Frequently,8,4,12450,17,1,Yes,3,4,4,3,3,3,4,16.2,14.1,5.5,14.1,14.0,2,No
200,2,6,20140701,,49,Male,Single,2,Other,Travel_Frequently,14,5,17780,13,1,No,3,2,1,3,4,3,4,17.7,12.2,2.5,1.7,8.4,6,No
201,1,1,20120501,,41,Female,Married,3,Marketing,Non-Travel,20,2,4490,14,1,No,3,4,3,3,3,3,1,21.9,14.4,3.9,11.2,1.5,2,No
202,2,7,20251201,20260701,52,Female,Single,2,Medical,Travel_Rarely,7,1,2700,25,3,No,3,3,4,4,4,3,1,4.1,0.8,0.8,0.7,0.8,6,Yes
203,2,6,20250901,,46,Male,Divorced,3,Life Sciences,Travel_Rarely,17,5,20360,25,0,No,3,3,3,3,1,3,0,8.0,1.0,0.2,0.5,1.0,1,No
204,2,8,20140501,20260301,26,Male,Single,5,Human Resources,Travel_Frequently,29,2,6490,15,0,Yes,3,4,2,3,1,3,4,13.4,12.3,5.1,5.5,2.2,5,Yes
205,2,7,20221001,,53,Male,Married,3,Human Resources,Non-Travel,25,2,4880,18,0,No,2,4,4,1,4,3,6,11.2,3.9,2.2,2.6,0.6,3,No
206,3,9,20151201,,21,Female,Single,3,Medical,Travel_Rarely,21,3,10940,11,0,No,1,2,1,1,3,3,4,14.4,10.8,4.8,6.5,0.1,2,No
207,1,1,20121201,,27,Female,Single,4,Medical,Travel_Rarely,12,1,3030,17,2,No,3,4,1,3,2,4,3,19.1,13.8,9.7,7.9,7.8,2,No
208,3,9,20120701,,34,Male,Divorced,2,Life Sciences,Travel_Frequently,10,3,9900,15,1,No,4,3,1,3,3,3,6,18.4,14.2,1.2,10.3,8.6,3,No
209,3,10,20160301,,35,Female,Single,2,Life Sciences,Travel_Rarely,11,3,9010,22,0,No,3,2,3,2,1,3,3,15.5,10.5,1.2,8.9,8.4,2,No
210,3,10,20190101,,60,Male,Single,3,Medical,Travel_Rarely,21,4,16250,25,0,No,3,3,4,4,2,3,1,15.1,7.7,3.7,3.7,0.3,2,No
211,1,1,20200501,,34,Female,Married,5,Life Sciences,Travel_Rarely,13,1,3300,24,0,Yes,1,3,3,2,3,4,1,13.1,6.4,2.2,2.4,3.4,1,No
212,1,3,20160901,,28,Female,Single,5,Medical,Travel_Frequently,24,1,2720,16,0,No,4,4,4,3,2,3,2,14.0,10.0,8.0,9.0,1.5,3,No
213,3,9,20130401,,28,Male,Married,4,Life Sciences,Travel_Rarely,10,3,7820,14,0,Yes,2,2,3,2,2,3,6,20.4,13.4,4.5,11.9,1.4,0,No
214,3,9,20190701,,53,Male,Single,3,Human Resources,Non-Travel,20,2,4980,11,0,No,3,4,1,1,3,3,1,9.4,7.2,6.8,5.8,4.1,4,No
215,2,8,20140901,,60,Female,Married,4,Marketing,Travel_Frequently,30,1,2890,23,1,No,2,2,4,3,4,3,0,12.7,12.1,11.2,9.2,6.9,5,No
216,2,6,20240201,,41,Female,Married,2,Life Sciences,Travel_Rarely,17,3,10540,23,0,Yes,3,1,2,3,3,3,4,5.4,2.6,1.2,0.4,2.0,1,No
217,2,8,20130501,,45,Male,Married,4,Medical,Travel_Rarely,22,3,7810,12,1,No,3,3,4,2,4,3,5,16.7,13.3,13.0,7.5,4.6,0,No
218,3,10,20240801,,45,Female,Married,4,Other,Non-Travel,5,2,3670,15,0,No,3,2,4,2,3,4,6,3.8,2.1,0.3,1.2,1.6,2,No
219,2,7,20150301,,43,Male,Divorced,4,Life Sciences,Travel_Frequently,1,3,6570,24,0,No,3,3,3,3,3,3,4,14.7,11.5,1.5,3.4,4.2,1,No
220,2,8,20180701,,29,Male,Divorced,4,Technical Degree,Non-Travel,21,3,10850,18,1,Yes,4,1,1,4,4,4,1,14.9,8.2,1.3,8.2,5.5,5,No
221,2,7,20160701,,60,Male,Married,3,Human Resources,Travel_Frequently,8,1,3880,11,3,No,3,4,1,3,3,3,3,13.3,10.2,2.3,4.3,0.1,5,No
222,2,5,20160101,,50,Male,Divorced,2,Human Resources,Travel_Frequently,10,4,11630,19,2,No,3,3,3,3,3,4,4,15.7,10.7,7.1,7.2,7.3,6,No
223,1,3,20120701,20220801,23,Female,Divorced,3,Human Resources,Travel_Rarely,1,1,2080,15,0,Yes,3,2,2,3,3,4,6,18.0,14.2,2.4,0.7,14.1,5,Yes
224,2,6,20141001,,32,Female,Divorced,3,Medical,Travel_Rarely,16,2,5430,17,0,No,3,3,2,3,3,3,6,18.8,11.9,4.1,1.0,1.7,6,No
225,1,1,20140901,20201101,31,Female,Married,3,Technical Degree,Travel_Frequently,1,3,7520,19,1,Yes,1,4,3,4,3,4,4,13.9,12.0,8.2,4.7,3.2,6,Yes
226,2,5,20210301,20211001,27,Female,Divorced,3,Human Resources,Travel_Frequently,11,3,9400,24,0,No,3,3,4,3,4,3,5,11.4,5.5,3.2,1.1,1.9,0,Yes
227,1,1,20231201,20240401,59,Male,Divorced,2,Other,Travel_Rarely,6,3,8460,25,0,No,3,4,4,3,3,3,5,3.5,2.8,1.7,1.1,2.1,2,Yes
228,2,5,20201101,,24,Female,Married,5,Marketing,Travel_Rarely,6,1,3850,19,2,No,2,3,4,3,1,3,1,13.5,5.9,1.6,2.6,2.9,4,No
229,2,8,20251001,,22,Female,Single,4,Other,Non-Travel,23,2,3740,23,2,No,1,2,3,3,4,3,4,6.2,0.9,0.2,0.6,0.8,4,No
230,2,6,20120201,,42,Female,Married,4,Life Sciences,Travel_Frequently,10,1,3630,11,3,No,3,2,3,2,3,3,3,15.3,14.6,7.8,14.0,1.2,5,No
231,2,4,20130501,,29,Male,Single,4,Life Sciences,Travel_Rarely,27,5,22100,16,2,No,1,1,4,3,3,3,3,15.3,13.4,5.2,10.6,8.6,6,No
232,3,10,20111201,,35,Male,Single,2,Other,Non-Travel,6,4,13220,24,2,No,3,2,3,4,1,3,5,15.0,14.8,13.4,9.2,3.6,6,No
233,1,2,20190501,,33,Female,Married,4,Other,Travel_Rarely,2,1,3430,17,0,No,3,2,2,3,2,3,6,8.4,7.4,5.1,4.0,2.4,5,No
234,1,3,20240801,,22,Female,Single,1,Life Sciences,Travel_Frequently,23,1,3420,15,1,Yes,3,4,3,1,2,3,6,7.8,2.1,1.2,0.6,1.5,0,No
235,2,5,20240101,,43,Female,Single,3,Human Resources,Travel_Rarely,15,3,8330,23,0,No,4,4,3,2,4,3,4,10.6,2.7,2.6,1.7,2.3,2,No
236,2,7,20250601,,37,Female,Divorced,1,Technical Degree,Non-Travel,8,2,6140,16,0,No,3,4,2,2,2,3,0,8.7,1.3,0.2,1.0,0.6,3,No
237,2,7,20161101,,35,Male,Married,3,Human Resources,Travel_Rarely,7,5,19530,22,1,No,2,1,3,3,4,3,1,11.1,9.9,9.2,4.5,3.8,2,No
238,3,10,20150901,,31,Male,Single,4,Technical Degree,Travel_Rarely,24,1,3490,17,1,No,4,3,1,3,1,4,0,18.0,11.1,2.4,5.3,5.1,0,No
239,3,9,20240601,,23,Female,Divorced,3,Technical Degree,Travel_Rarely,7,1,3050,18,1,Yes,2,3,3,3,4,3,5,5.9,2.3,0.6,1.3,0.0,1,No
240,2,7,20260801,20260901,32,Female,Divorced,4,Technical Degree,Travel_Rarely,25,4,12180,19,1,Yes,2,4,3,2,4,3,0,7.0,0.1,0.0,0.1,0.0,5,Yes
241,1,2,20180601,20190301,45,Female,Married,1,Human Resources,Non-Travel,11,1,2000,20,2,Yes,3,4,4,2,4,3,1,9.7,8.3,4.6,0.6,5.9,3,Yes
242,2,6,20231101,20240401,43,Female,Married,3,Human Resources,Travel_Rarely,26,3,8990,25,0,No,4,3,1,4,2,4,3,6.6,2.8,1.5,2.3,2.5,0,Yes
243,1,3,20260201,,52,Male,Single,5,Human Resources,Travel_Rarely,24,1,4280,14,2,No,3,2,3,3,4,3,2,2.9,0.6,0.6,0.3,0.1,5,No
244,3,9,20191001,20220701,49,Female,Married,2,Human Resources,Travel_Frequently,5,2,6270,13,1,No,2,3,2,2,4,4,6,8.4,7.0,1.8,3.4,6.8,6,Yes
245,1,2,20180501,,23,Female,Divorced,3,Medical,Non-Travel,15,1,2790,17,3,No,3,4,4,2,4,3,2,9.9,8.4,4.7,0.3,2.7,4,No
246,2,5,20131201,,51,Female,Divorced,2,Other,Travel_Frequently,5,1,4430,11,0,No,4,3,1,1,3,3,3,18.6,12.8,11.8,4.3,1.4,1,No
247,2,5,20240901,,33,Male,Single,4,Human Resources,Travel_Frequently,30,2,5280,17,0,No,2,3,4,4,1,3,4,9.8,2.0,0.8,1.0,1.2,3,No
248,2,7,20170201,,49,Female,Single,5,Other,Travel_Rarely,16,2,4480,16,0,No,4,4,1,3,4,3,1,15.4,9.6,4.0,8.0,5.7,4,No
249,3,10,20150801,20181101,29,Male,Single,3,Technical Degree,Travel_Rarely,8,1,3090,24,1,Yes,2,4,2,2,4,3,4,11.4,11.1,9.2,9.3,3.4,0,Yes
250,2,8,20201101,20240301,25,Female,Divorced,3,Technical Degree,Travel_Rarely,1,1,4640,11,0,No,3,4,3,1,3,3,4,10.9,5.9,2.8,4.1,0.7,2,Yes
251,3,9,20130301,20180401,25,Male,Divorced,4,Medical,Travel_Frequently,9,3,10160,24,0,No,2,2,4,3,4,3,5,19.5,13.5,7.3,11.8,11.2,1,Yes
252,2,4,20240101,20240601,56,Male,Married,5,Technical Degree,Non-Travel,15,2,6240,23,3,No,2,2,4,2,2,3,2,9.3,2.7,2.5,1.3,0.8,5,Yes
253,2,4,20240201,,29,Male,Married,4,Other,Non-Travel,22,1,3520,12,0,No,1,1,1,3,3,3,0,3.2,2.6,2.0,2.0,0.1,5,No
254,1,2,20150601,,30,Female,Divorced,3,Marketing,Travel_Rarely,1,3,9290,15,0,No,3,1,4,4,4,4,6,17.5,11.3,6.9,5.7,0.8,3,No
255,3,10,20180901,,32,Female,Divorced,2,Life Sciences,Travel_Frequently,4,2,4560,15,1,No,1,2,1,2,3,3,6,15.9,8.0,3.4,4.1,3.3,6,No
256,3,9,20151201,,47,Female,Married,4,Medical,Non-Travel,15,3,8540,12,0,No,3,3,1,4,4,3,5,18.3,10.8,4.0,0.1,7.3,1,No
257,3,10,20200501,,46,Male,Single,4,Technical Degree,Travel_Rarely,13,3,12810,19,0,No,3,1,2,3,3,3,6,12.4,6.3,4.8,3.7,4.8,0,No
258,1,2,20190401,,52,Male,Single,4,Technical Degree,Travel_Rarely,16,1,2670,21,1,No,3,3,4,3,1,3,6,8.6,7.4,4.6,0.7,0.6,3,No
259,1,2,20251101,,45,Female,Married,3,Technical Degree,Travel_Rarely,14,3,7770,21,1,Yes,3,3,3,3,2,3,5,1.2,0.9,0.5,0.8,0.3,2,No
260,2,7,20130501,20200401,60,Female,Married,2,Marketing,Travel_Frequently,21,1,3220,16,3,No,3,1,2,2,2,3,0,13.7,13.3,11.1,4.6,9.9,5,Yes
261,1,2,20160401,,42,Male,Single,3,Human Resources,Travel_Rarely,19,1,2740,12,2,Yes,2,4,2,3,4,3,0,15.7,10.4,4.4,5.4,4.4,4,No
262,2,7,20140801,,33,Female,Divorced,4,Life Sciences,Travel_Rarely,24,3,7920,20,0,No,3,1,4,3,2,3,6,13.8,12.1,3.2,3.6,6.9,5,No
263,3,9,20170501,,40,Female,Divorced,3,Human Resources,Travel_Frequently,21,4,11570,24,1,No,3,4,3,3,4,3,1,12.6,9.4,5.9,4.3,7.2,4,No
264,1,1,20230401,,54,Male,Married,2,Technical Degree,Travel_Frequently,3,3,8010,15,2,No,3,2,3,3,1,3,6,9.5,3.5,2.7,3.0,1.4,1,No
265,2,5,20251001,,50,Female,Divorced,3,Technical Degree,Travel_Rarely,6,1,3030,11,2,No,2,3,4,4,3,3,2,2.5,0.9,0.2,0.0,0.7,5,No
266,2,7,20231201,20241001,29,Male,Single,4,Human Resources,Travel_Rarely,3,1,2210,23,0,Yes,4,4,4,3,4,3,2,7.0,2.8,2.3,2.7,2.6,0,Yes
267,2,8,20180401,,47,Female,Divorced,3,Life Sciences,Travel_Frequently,29,1,2660,15,0,No,4,3,4,3,4,3,1,14.1,8.5,1.0,4.6,4.0,6,No
268,2,5,20180701,,56,Female,Married,5,Other,Travel_Rarely,30,4,13350,25,0,No,2,4,2,2,4,4,3,15.4,8.2,5.6,4.4,1.9,5,No
269,2,7,20170501,20190901,23,Female,Single,3,Technical Degree,Travel_Frequently,23,1,2380,19,1,Yes,3,1,1,3,3,3,0,16.7,9.3,3.1,3.9,8.5,1,Yes
270,2,5,20120201,,41,Male,Single,3,Medical,Travel_Rarely,28,1,3640,21,1,No,2,2,1,3,3,3,2,20.8,14.7,12.5,10.1,11.7,6,No
271,2,4,20210701,,22,Male,Divorced,4,Other,Non-Travel,20,1,3670,20,0,No,3,3,4,3,3,3,1,12.5,5.2,5.1,1.0,3.6,5,No
272,2,5,20220101,20251201,39,Female,Married,3,Medical,Travel_Rarely,26,1,3490,15,0,Yes,3,2,3,3,1,3,3,9.5,4.7,4.7,1.3,3.2,6,Yes
273,2,7,20201101,,34,Female,Divorced,4,Technical Degree,Travel_Frequently,20,5,14370,11,0,No,3,3,4,3,2,4,3,6.4,5.8,3.2,0.3,5.4,0,No
274,2,5,20190701,,31,Female,Married,2,Technical Degree,Travel_Rarely,27,2,4550,17,0,Yes,4,3,4,2,2,4,1,12.9,7.2,3.1,1.9,2.3,2,No
275,2,8,20210701,,30,Female,Single,2,Medical,Travel_Frequently,30,2,6770,18,1,No,4,4,1,1,4,3,0,6.7,5.2,2.4,0.9,2.4,1,No
276,2,5,20131101,,57,Male,Divorced,3,Life Sciences,Travel_Frequently,1,5,18690,12,0,Yes,3,4,4,2,1,3,0,14.3,12.9,11.9,3.2,6.4,5,No
277,2,5,20160601,,59,Male,Married,4,Life Sciences,Non-Travel,28,2,5350,12,1,Yes,3,1,2,2,4,3,4,12.8,10.2,7.5,7.5,9.8,0,No
278,1,3,20111201,,45,Female,Married,4,Other,Travel_Frequently,20,3,8960,24,0,Yes,2,3,3,2,3,3,2,16.0,14.8,4.4,11.9,10.9,3,No
279,3,10,20150201,20161201,32,Female,Divorced,2,Technical Degree,Travel_Frequently,17,2,5230,25,2,No,2,4,4,2,2,3,1,14.3,11.6,5.4,2.6,8.0,4,Yes
280,1,1,20160301,,53,Male,Divorced,3,Technical Degree,Travel_Frequently,1,3,10090,13,2,Yes,4,1,3,3,2,3,0,15.8,10.5,6.0,2.7,2.7,6,No
281,3,10,20130201,,37,Female,Single,2,Medical,Non-Travel,6,2,4300,22,1,No,3,3,4,3,3,3,3,15.7,13.6,9.2,5.9,0.2,3,No
282,1,2,20260401,,29,Male,Single,2,Medical,Travel_Rarely,14,4,14920,19,0,No,2,3,3,1,2,3,1,6.0,0.4,0.1,0.0,0.2,5,No
283,2,8,20200101,,51,Male,Married,3,Human Resources,Travel_Frequently,14,3,8330,19,3,No,1,3,3,3,4,4,5,11.3,6.7,5.6,0.3,0.1,6,No
284,1,1,20250301,,54,Male,Married,3,Human Resources,Travel_Frequently,12,2,4170,13,0,No,2,2,2,2,4,3,4,3.6,1.5,1.0,1.3,0.2,4,No
285,2,8,20170401,20170801,29,Female,Divorced,3,Other,Travel_Frequently,6,1,3200,13,0,No,2,3,4,4,3,3,6,16.1,9.4,6.3,6.9,7.5,4,Yes
286,2,6,20150501,,37,Female,Divorced,2,Medical,Travel_Rarely,16,1,2350,16,2,Yes,3,3,4,4,4,3,0,11.7,11.4,0.7,4.9,7.0,0,No
287,2,8,20240501,,50,Male,Single,4,Human Resources,Travel_Rarely,12,1,2560,22,2,Yes,2,3,4,2,2,4,6,9.0,2.4,0.1,0.3,1.5,6,No
288,2,4,20200901,20201101,51,Female,Married,2,Human Resources,Travel_Frequently,17,1,3450,23,0,No,4,4,4,3,3,4,1,9.1,6.1,4.6,2.2,4.1,3,Yes
289,3,9,20221201,,25,Male,Married,3,Marketing,Travel_Frequently,2,5,21120,15,0,No,4,4,4,3,2,3,1,7.3,3.8,1.5,0.1,3.5,6,No
290,3,9,20220101,20250101,60,Male,Divorced,3,Technical Degree,Travel_Frequently,26,3,5520,25,0,No,1,2,4,3,2,4,2,11.8,4.7,2.9,2.9,2.1,2,Yes
291,3,9,20140701,,40,Female,Divorced,1,Medical,Non-Travel,2,1,2900,23,1,No,2,2,4,3,4,3,4,16.9,12.2,2.9,9.4,8.9,4,No
292,3,9,20131001,,59,Male,Married,3,Marketing,Travel_Rarely,7,2,5480,12,0,No,3,3,1,3,2,3,2,18.3,12.9,9.2,6.7,3.2,0,No
293,3,9,20170201,,46,Female,Married,3,Human Resources,Travel_Frequently,5,2,2990,19,2,No,2,2,3,3,4,3,3,17.6,9.6,6.6,9.1,7.0,0,No
294,2,7,20141201,,28,Male,Married,3,Human Resources,Non-Travel,5,2,6180,11,3,Yes,2,2,2,3,1,3,3,13.0,11.8,4.4,11.7,3.6,0,No
295,2,7,20180301,,51,Female,Divorced,5,Technical Degree,Travel_Rarely,25,2,6090,23,1,No,3,3,4,2,1,3,4,12.3,8.5,6.1,5.1,6.5,3,No
296,1,2,20190901,20260401,31,Male,Divorced,4,Other,Travel_Rarely,25,2,4850,14,2,Yes,3,1,4,3,4,3,4,11.5,7.0,0.9,3.9,1.3,1,Yes
297,2,8,20260201,,26,Female,Married,1,Human Resources,Travel_Rarely,4,2,5360,23,0,No,2,3,2,3,2,3,3,3.3,0.6,0.1,0.0,0.3,0,No
298,1,2,20231201,,41,Male,Married,3,Marketing,Travel_Frequently,13,1,3560,16,1,No,3,3,3,2,4,3,4,3.2,2.8,0.7,1.7,0.7,4,No
299,2,4,20241001,20250701,56,Male,Married,3,Human Resources,Travel_Frequently,26,5,23230,11,0,Yes,3,4,2,4,1,4,4,8.8,2.0,1.0,1.6,0.3,3,Yes
300,2,7,20230101,,43,Male,Divorced,3,Human Resources,Travel_Frequently,24,1,3020,17,0,No,3,4,4,4,3,4,0,9.6,3.7,2.1,1.1,1.5,5,No
301,2,4,20190401,,41,Female,Single,5,Technical Degree,Non-Travel,1,2,6720,23,0,No,2,4,4,3,4,3,3,7.6,7.5,5.2,4.8,0.0,3,No
302,2,6,20260601,20260801,45,Female,Married,4,Medical,Non-Travel,9,3,7040,14,0,No,3,2,4,2,3,3,5,1.3,0.3,0.1,0.1,0.0,2,Yes
303,1,1,20150701,,33,Female,Single,3,Marketing,Travel_Rarely,3,3,10980,24,0,No,3,4,2,3,4,3,4,12.6,11.2,2.2,8.3,7.5,4,No
304,3,9,20120101,20241201,50,Male,Married,4,Other,Non-Travel,17,2,7150,23,0,No,3,1,4,3,2,3,2,15.1,14.7,13.8,6.4,14.6,2,Yes
305,1,1,20190401,,35,Female,Single,2,Medical,Non-Travel,26,1,3200,14,3,No,4,4,3,2,1,3,6,10.0,7.5,4.7,0.7,3.6,3,No
306,2,8,20180301,,58,Male,Single,5,Life Sciences,Travel_Rarely,10,2,5970,12,1,No,3,2,3,1,4,3,6,11.1,8.6,7.3,0.6,1.1,4,No
307,3,10,20120901,20131001,21,Female,Married,4,Technical Degree,Travel_Rarely,19,1,3020,23,2,Yes,4,1,3,3,3,3,3,19.0,14.0,4.8,13.1,11.0,1,Yes
308,1,1,20120101,,29,Female,Divorced,3,Technical Degree,Travel_Rarely,20,2,5290,11,1,No,3,1,2,4,3,3,1,20.7,14.7,4.6,13.0,11.4,2,No
309,2,4,20160301,,33,Male,Married,4,Medical,Travel_Rarely,11,2,5570,14,3,Yes,3,4,3,2,3,3,4,15.4,10.6,3.5,6.1,10.2,6,No
310,2,7,20241201,20251001,34,Female,Single,3,Life Sciences,Travel_Rarely,25,5,18030,14,0,No,2,4,4,2,3,3,5,4.6,1.7,0.9,0.2,0.7,0,Yes
311,1,2,20240301,,22,Male,Married,4,Other,Travel_Rarely,17,5,24170,12,0,No,4,1,2,3,3,3,2,5.3,2.6,0.5,1.2,1.0,3,No
312,2,4,20190401,,23,Male,Divorced,4,Marketing,Travel_Frequently,29,3,6370,23,1,No,3,1,3,3,3,3,4,9.4,7.4,4.7,2.1,0.9,3,No
313,1,3,20150701,,41,Female,Divorced,3,Other,Non-Travel,8,2,5570,17,2,No,3,4,3,3,2,3,5,15.0,11.2,6.5,7.1,8.9,3,No
314,2,4,20170201,20210301,58,Male,Married,4,Human Resources,Travel_Rarely,6,1,3600,12,0,No,2,4,3,3,4,4,2,13.2,9.6,4.2,3.5,4.8,0,Yes
315,1,1,20210101,,55,Male,Married,4,Medical,Travel_Rarely,5,3,8280,11,2,No,2,2,4,4,4,3,5,8.1,5.7,4.6,3.9,1.6,0,No
316,3,9,20211201,20260301,30,Female,Single,4,Medical,Travel_Frequently,11,1,2000,14,0,No,4,3,3,4,1,3,5,8.6,4.8,2.5,3.8,3.6,6,Yes
317,1,1,20170801,,52,Female,Married,3,Medical,Travel_Frequently,30,5,23430,23,1,Yes,3,4,4,2,3,3,4,15.2,9.1,6.3,2.7,5.3,1,No
318,2,6,20240401,,57,Female,Divorced,2,Marketing,Travel_Rarely,3,2,5450,14,0,No,3,1,1,3,2,4,0,7.8,2.4,0.4,2.0,1.4,3,No
319,1,2,20220101,,29,Female,Married,2,Other,Travel_Rarely,19,2,4000,15,0,No,4,3,4,3,2,3,3,5.7,4.7,1.0,2.0,3.3,4,No
320,2,8,20160601,,50,Male,Divorced,3,Life Sciences,Travel_Frequently,6,1,3190,20,1,No,3,4,2,3,3,4,6,13.1,10.3,8.7,8.2,4.0,1,No
321,1,3,20211001,20220101,38,Female,Divorced,4,Life Sciences,Non-Travel,4,3,7720,14,1,No,3,1,4,3,3,3,2,12.3,5.0,2.1,3.8,0.6,6,Yes
322,1,1,20160301,20210401,37,Male,Divorced,3,Medical,Non-Travel,27,1,3390,24,0,Yes,2,2,3,3,1,3,3,14.4,10.5,0.7,5.8,2.5,5,Yes
323,2,6,20140901,,32,Male,Divorced,4,Life Sciences,Travel_Rarely,22,2,5380,11,0,No,3,2,2,4,2,3,5,13.7,12.0,8.4,10.0,9.7,0,No
324,2,6,20111001,20220201,33,Male,Single,4,Life Sciences,Travel_Rarely,21,1,3380,19,0,Yes,3,2,1,2,1,3,2,16.3,15.0,2.5,6.2,1.6,0,Yes
325,2,4,20250201,,25,Female,Divorced,3,Human Resources,Travel_Rarely,26,4,15800,20,0,No,3,3,4,3,2,3,0,8.7,1.6,0.7,1.2,0.8,6,No
326,2,6,20130701,20140601,51,Male,Married,4,Life Sciences,Travel_Frequently,8,3,11910,12,0,Yes,3,4,3,1,3,3,5,16.8,13.2,6.7,9.8,6.6,1,Yes
327,2,4,20190701,20240701,59,Female,Divorced,2,Marketing,Travel_Frequently,25,3,7940,19,0,Yes,4,4,4,3,2,4,5,12.3,7.2,5.5,3.8,7.0,4,Yes
328,1,1,20230601,20260401,25,Female,Single,2,Medical,Travel_Frequently,8,2,6140,18,0,No,3,2,2,2,2,3,6,10.8,3.3,0.4,0.6,1.8,5,Yes
329,1,2,20170301,20181001,44,Female,Married,3,Medical,Travel_Rarely,25,4,13290,20,1,No,3,2,3,2,2,3,6,13.6,9.6,7.1,7.3,7.9,3,Yes
330,2,8,20150601,,33,Male,Single,1,Life Sciences,Travel_Frequently,12,1,2000,20,0,No,4,4,1,4,2,3,3,17.1,11.3,4.2,4.6,4.7,2,No
331,2,6,20250501,,53,Female,Divorced,3,Other,Travel_Frequently,12,3,7790,15,1,No,4,1,2,3,3,3,0,6.6,1.4,1.3,1.0,0.3,0,No
332,2,7,20221201,,46,Male,Divorced,4,Medical,Travel_Frequently,19,2,4150,25,3,No,4,1,3,3,4,3,5,10.4,3.8,1.0,1.1,3.7,1,No
333,2,7,20250201,20250601,40,Male,Single,1,Technical Degree,Travel_Rarely,12,1,2520,12,1,Yes,3,2,1,2,4,3,3,7.8,1.6,0.7,0.7,0.5,6,Yes
334,1,3,20250301,,26,Female,Single,2,Technical Degree,Non-Travel,9,1,3260,20,2,No,1,2,4,3,3,4,0,4.2,1.5,0.9,0.7,1.0,2,No
335,2,8,20181201,,42,Female,Married,4,Marketing,Travel_Rarely,12,3,11590,17,1,No,4,1,3,4,2,3,3,15.8,7.8,6.4,7.3,5.2,6,No
336,2,8,20260801,,60,Female,Divorced,4,Technical Degree,Travel_Frequently,26,3,8560,14,1,No,3,3,1,3,4,4,2,8.1,0.2,0.2,0.2,0.0,5,No
337,1,2,20141201,20150901,45,Female,Divorced,4,Medical,Travel_Frequently,10,5,22820,25,0,No,2,4,2,2,4,3,3,18.8,11.8,9.3,8.5,0.4,0,Yes
338,1,3,20151201,,41,Female,Married,4,Medical,Travel_Rarely,3,1,3150,14,3,No,3,3,3,3,4,3,5,18.4,10.8,7.2,7.2,10.0,3,No
339,3,9,20240901,,48,Male,Single,2,Marketing,Travel_Rarely,5,5,18820,11,1,No,2,3,3,3,4,4,0,2.9,2.0,0.7,1.2,0.4,1,No
340,3,10,20160401,,58,Male,Single,1,Technical Degree,Travel_Rarely,20,3,8460,24,2,Yes,3,3,2,4,2,4,5,12.9,10.4,8.5,3.1,2.3,5,No
341,2,4,20190301,,52,Female,Divorced,2,Technical Degree,Travel_Rarely,2,3,10030,15,3,No,3,4,4,3,2,3,1,8.8,7.6,5.4,6.4,7.1,2,No
342,2,7,20140501,20160901,25,Female,Married,5,Other,Non-Travel,30,2,4250,13,1,No,3,3,4,2,4,3,6,15.6,12.4,1.6,9.3,7.2,5,Yes
343,1,3,20240701,,45,Female,Divorced,5,Medical,Travel_Rarely,19,1,3130,12,0,No,3,4,4,3,3,3,4,5.0,2.2,1.0,2.1,0.3,6,No
344,1,2,20180601,20190301,50,Female,Married,4,Other,Travel_Rarely,19,2,4770,15,1,No,2,3,3,4,4,3,4,8.4,8.3,1.0,1.0,5.3,1,Yes
345,3,9,20140801,,32,Female,Divorced,3,Life Sciences,Travel_Rarely,26,3,9090,12,0,No,3,2,3,4,2,3,4,18.4,12.1,6.4,0.8,10.1,1,No
346,1,2,20150401,,56,Female,Single,5,Life Sciences,Non-Travel,10,4,16310,25,2,Yes,3,3,3,3,3,4,5,13.8,11.4,11.0,2.0,11.1,2,No
347,3,9,20220601,20260101,34,Male,Divorced,3,Life Sciences,Travel_Rarely,12,3,6790,15,0,Yes,4,3,1,2,3,3,4,5.4,4.3,3.7,0.9,0.6,4,Yes
348,2,5,20150301,,33,Female,Divorced,4,Other,Travel_Rarely,20,1,3540,19,0,Yes,3,1,3,3,2,3,3,16.4,11.6,4.9,1.8,11.5,6,No
349,2,5,20240401,,21,Male,Married,3,Medical,Travel_Frequently,16,1,2780,15,1,Yes,4,2,4,3,3,3,4,8.7,2.4,0.3,1.3,2.1,6,No
350,3,10,20150201,,46,Female,Divorced,3,Medical,Non-Travel,24,2,5150,23,0,No,3,4,2,4,4,3,2,17.3,11.6,7.6,1.7,6.6,2,No
351,3,9,20170701,,35,Female,Divorced,5,Life Sciences,Travel_Frequently,6,1,2900,23,2,No,4,3,3,3,3,3,1,15.4,9.2,7.8,5.8,0.7,5,No
352,1,2,20260601,20260901,46,Male,Divorced,5,Medical,Travel_Rarely,30,4,18250,19,1,No,1,3,2,4,4,4,5,5.9,0.2,0.1,0.1,0.0,1,Yes
353,1,3,20221001,,53,Female,Single,3,Technical Degree,Travel_Frequently,28,1,3090,22,1,Yes,3,4,4,4,3,4,4,6.9,3.9,0.4,3.6,1.0,3,No
354,2,8,20191201,,24,Female,Single,3,Human Resources,Non-Travel,14,1,3580,19,2,No,3,4,1,3,2,3,2,9.6,6.8,0.0,6.1,1.3,2,No
355,2,7,20161001,,32,Female,Single,4,Technical Degree,Travel_Rarely,4,1,2450,25,0,Yes,3,4,4,4,1,3,6,11.2,9.9,3.5,4.3,3.6,3,No
356,1,3,20171201,,41,Female,Divorced,5,Other,Travel_Rarely,25,1,3780,24,0,No,4,4,3,2,3,3,2,9.9,8.8,8.4,7.0,1.1,1,No
357,3,9,20210201,,32,Male,Married,4,Life Sciences,Travel_Rarely,17,1,3700,13,0,No,2,1,4,4,3,3,0,10.9,5.6,2.4,2.7,4.4,0,No
358,2,7,20210901,,47,Female,Divorced,5,Other,Non-Travel,12,2,4400,17,0,Yes,4,2,1,3,2,3,2,7.8,5.1,2.4,2.6,3.3,2,No
359,1,2,20191001,,48,Male,Married,3,Technical Degree,Travel_Rarely,24,3,6730,14,1,No,2,3,4,2,4,3,1,7.8,6.9,4.6,4.7,5.3,4,No
360,2,4,20121001,,33,Female,Single,5,Life Sciences,Travel_Rarely,5,2,4790,15,2,Yes,3,4,3,2,3,3,5,16.7,14.0,10.2,13.9,2.8,0,No
361,1,2,20221101,20260301,51,Female,Divorced,4,Human Resources,Non-Travel,23,3,6610,19,3,Yes,2,4,3,3,3,3,4,8.6,3.8,2.6,0.5,0.2,1,Yes
362,2,4,20141101,,58,Male,Divorced,3,Technical Degree,Travel_Rarely,2,1,3220,21,0,No,4,4,2,3,3,3,0,14.0,11.9,10.1,3.5,3.2,6,No
363,1,2,20190501,20230901,21,Female,Divorced,5,Human Resources,Travel_Frequently,10,1,3630,14,1,No,2,2,1,3,4,4,3,8.1,7.4,5.2,4.1,5.3,4,Yes
364,2,5,20220101,20230101,59,Male,Married,3,Medical,Travel_Rarely,14,4,9010,12,1,No,3,4,2,3,4,3,1,9.4,4.7,3.8,3.5,0.7,2,Yes
365,1,3,20210201,,46,Male,Single,2,Medical,Travel_Rarely,26,1,2990,11,2,Yes,3,1,2,1,2,3,1,9.2,5.6,3.6,2.3,4.1,0,No
366,1,1,20151101,20201001,27,Female,Divorced,3,Life Sciences,Travel_Rarely,2,1,3390,19,0,No,3,1,2,3,4,3,3,17.0,10.9,9.7,8.9,3.4,1,Yes
367,2,7,20180101,,30,Female,Divorced,3,Marketing,Travel_Rarely,10,2,7150,25,0,No,1,2,3,2,2,3,0,14.2,8.7,6.2,7.8,4.3,5,No
368,3,10,20111001,,39,Female,Single,5,Marketing,Non-Travel,30,3,10850,13,0,No,3,4,4,3,1,3,6,17.9,14.9,4.0,13.5,11.9,5,No
369,1,2,20150701,,41,Male,Single,3,Technical Degree,Non-Travel,21,2,4330,18,1,No,3,3,3,3,3,3,2,14.6,11.2,7.8,4.6,8.9,5,No
370,1,2,20260401,20260601,36,Female,Single,5,Medical,Travel_Rarely,28,3,7920,15,1,No,4,3,4,3,2,3,2,3.4,0.5,0.2,0.1,0.1,5,Yes
371,2,7,20111001,,22,Female,Married,4,Life Sciences,Travel_Rarely,3,1,3490,23,0,Yes,3,4,4,2,3,3,1,19.7,15.0,7.2,8.9,2.4,6,No
372,1,1,20251201,,39,Male,Single,4,Life Sciences,Travel_Rarely,29,3,7110,15,3,No,3,4,3,2,4,3,3,5.6,0.8,0.1,0.1,0.3,1,No
373,2,7,20140201,20140601,60,Male,Single,2,Technical Degree,Travel_Rarely,27,1,2780,15,0,No,1,3,4,1,2,3,5,17.4,12.6,1.0,8.7,6.0,0,Yes
374,2,5,20240901,20251201,33,Male,Divorced,3,Life Sciences,Non-Travel,3,1,3640,16,2,No,4,3,2,3,3,3,0,9.8,2.0,1.1,1.1,1.6,5,Yes
375,3,9,20151201,,27,Male,Single,4,Human Resources,Non-Travel,21,3,10580,21,0,Yes,3,4,3,4,3,3,3,15.5,10.8,9.2,3.1,1.6,6,No
376,1,3,20161201,,42,Female,Married,4,Human Resources,Travel_Rarely,5,5,14880,12,2,No,2,4,3,4,4,3,4,10.1,9.8,7.0,6.7,2.3,0,No
377,1,3,20180901,,39,Male,Single,3,Marketing,Travel_Frequently,25,3,9000,20,1,No,3,2,3,3,3,3,3,8.7,8.0,1.4,6.2,2.1,4,No
378,2,6,20201001,,44,Male,Divorced,3,Technical Degree,Travel_Rarely,8,2,5890,13,2,No,2,2,3,1,3,3,0,13.0,6.0,5.9,0.3,5.9,0,No
379,2,8,20240301,,55,Female,Single,2,Life Sciences,Non-Travel,11,2,5170,15,1,No,3,4,1,2,3,4,2,9.8,2.5,2.3,1.9,0.5,6,No
380,2,6,20260201,20260601,48,Female,Single,3,Life Sciences,Non-Travel,9,1,2570,22,1,No,3,2,4,2,1,4,0,8.2,0.6,0.4,0.2,0.4,3,Yes
381,1,3,20230101,,33,Female,Married,3,Technical Degree,Non-Travel,26,1,3070,13,0,No,4,4,4,3,2,3,6,11.4,3.7,1.6,3.4,2.1,3,No
382,2,8,20260701,,41,Male,Divorced,3,Technical Degree,Travel_Frequently,4,3,6520,14,0,Yes,3,2,3,2,4,4,5,8.1,0.2,0.2,0.2,0.1,4,No
383,2,6,20231101,20250901,44,Male,Married,3,Marketing,Travel_Frequently,14,3,9220,17,0,No,3,2,3,2,3,3,2,8.5,2.9,1.9,1.3,1.2,5,Yes
384,1,2,20170601,,26,Male,Single,1,Other,Travel_Rarely,19,3,9120,24,0,No,2,3,3,2,3,3,5,10.1,9.3,7.0,5.8,5.1,6,No
385,2,7,20200801,,46,Male,Married,3,Medical,Travel_Rarely,1,2,6070,16,2,No,3,4,2,2,3,3,3,13.1,6.1,1.6,5.1,4.9,4,No
386,2,4,20120501,20130101,60,Female,Single,3,Human Resources,Travel_Rarely,4,1,3230,12,1,No,3,4,3,2,3,4,1,17.5,14.4,10.5,5.8,4.6,1,Yes
387,2,7,20241101,20260801,21,Male,Single,4,Human Resources,Travel_Rarely,12,3,8680,24,0,Yes,3,4,4,3,2,4,5,6.4,1.8,0.0,1.3,1.8,5,Yes
388,1,2,20200401,20200701,28,Female,Divorced,2,Life Sciences,Travel_Rarely,4,1,3570,12,1,No,3,2,3,4,3,3,6,8.5,6.4,1.2,0.5,5.4,1,Yes
389,1,3,20151001,20180201,57,Male,Single,5,Marketing,Travel_Frequently,7,2,3840,14,2,No,2,2,2,2,4,4,2,18.9,10.9,6.5,0.1,5.7,2,Yes
390,1,2,20161101,,43,Female,Married,4,Other,Travel_Frequently,23,2,5310,20,2,Yes,3,2,2,3,3,3,5,14.0,9.9,4.0,1.9,1.7,4,No
391,2,6,20131201,,60,Male,Divorced,3,Technical Degree,Travel_Frequently,9,1,3580,19,0,No,1,2,2,3,3,3,0,15.6,12.8,11.5,10.5,5.8,5,No
392,1,3,20190401,,41,Male,Single,4,Marketing,Travel_Rarely,20,1,2470,19,0,Yes,3,4,4,1,4,3,0,9.2,7.5,4.3,2.4,1.7,6,No
393,2,6,20200701,20210801,33,Male,Single,3,Technical Degree,Travel_Rarely,1,2,7320,25,1,Yes,2,4,1,3,3,3,3,9.6,6.2,0.8,1.1,2.0,0,Yes
394,2,7,20140301,,40,Female,Married,3,Marketing,Travel_Rarely,21,1,2000,16,3,No,2,2,4,2,4,4,3,18.8,12.6,6.2,0.6,3.8,5,No
395,1,3,20140801,,26,Male,Divorced,4,Marketing,Non-Travel,2,1,2820,23,0,No,3,4,3,2,2,3,6,20.0,12.1,11.3,10.5,3.1,4,No
396,2,7,20151201,20180601,49,Male,Divorced,3,Human Resources,Non-Travel,25,1,3900,19,2,Yes,2,3,4,3,1,3,1,16.1,10.8,10.5,3.5,7.9,1,Yes
397,2,8,20130501,,45,Male,Married,3,Life Sciences,Travel_Rarely,5,1,4080,17,3,No,4,3,4,2,2,3,5,19.4,13.3,6.8,4.2,12.6,2,No
398,3,10,20210401,20260701,27,Male,Married,4,Life Sciences,Travel_Rarely,9,2,7110,16,0,Yes,2,3,3,1,2,3,4,5.6,5.5,2.5,1.5,2.6,5,Yes
399,2,7,20200601,,33,Female,Single,2,Technical Degree,Travel_Rarely,4,1,3640,12,1,Yes,2,4,4,3,3,3,5,10.5,6.3,3.1,2.7,4.3,6,No
400,2,5,20200301,,52,Male,Single,3,Medical,Travel_Rarely,24,4,13410,14,0,No,3,2,2,3,4,3,5,12.1,6.5,1.9,0.0,1.2,3,No
401,1,3,20260601,,37,Male,Single,4,Other,Travel_Rarely,2,2,7380,19,1,No,3,4,1,4,2,3,1,5.1,0.3,0.3,0.2,0.1,2,No
402,2,5,20180901,,52,Female,Married,1,Technical Degree,Travel_Frequently,20,1,3130,19,1,No,1,4,4,3,2,3,6,10.4,8.0,2.7,4.1,5.3,1,No
403,2,7,20180301,,44,Male,Divorced,2,Life Sciences,Travel_Frequently,29,1,2680,17,1,No,4,2,2,3,4,3,3,13.7,8.6,8.3,7.5,5.8,0,No
404,2,8,20150601,20241101,57,Female,Married,5,Life Sciences,Travel_Rarely,22,2,3630,12,2,Yes,1,1,2,3,1,3,2,18.7,11.3,1.7,7.7,5.9,3,Yes
405,1,1,20150501,,24,Female,Single,4,Marketing,Non-Travel,24,2,6110,18,3,Yes,2,4,3,3,4,4,2,16.6,11.3,8.7,1.8,1.0,2,No
406,1,3,20230701,,57,Female,Divorced,4,Marketing,Travel_Rarely,10,2,5840,19,0,No,3,4,1,3,3,3,2,8.7,3.2,0.6,0.4,1.8,5,No
407,2,8,20160401,,43,Female,Married,5,Technical Degree,Non-Travel,30,1,2900,19,2,No,4,1,4,2,3,3,6,10.6,10.4,5.8,10.0,4.4,6,No
408,2,8,20120101,,24,Male,Single,4,Marketing,Travel_Rarely,2,2,5460,19,1,Yes,1,2,1,3,3,3,5,15.6,14.7,8.7,12.1,8.3,5,No
409,1,3,20120801,,40,Female,Divorced,4,Life Sciences,Travel_Rarely,8,2,6030,11,3,Yes,2,3,2,2,4,3,0,19.6,14.1,1.6,0.0,8.5,4,No
410,3,10,20230601,20240301,28,Female,Single,1,Other,Travel_Rarely,16,3,7060,20,1,Yes,3,3,4,2,3,3,4,9.8,3.3,2.2,0.6,2.4,0,Yes
411,3,10,20120101,,45,Male,Divorced,1,Marketing,Travel_Rarely,24,1,3570,24,1,No,3,4,3,1,3,3,1,21.8,14.7,9.1,0.6,13.3,5,No
412,2,8,20250201,,29,Female,Divorced,5,Marketing,Travel_Rarely,23,3,10010,19,0,No,3,3,3,3,4,3,5,8.9,1.6,1.0,0.6,0.8,0,No
413,1,3,20151201,20180101,35,Male,Divorced,3,Life Sciences,Travel_Rarely,29,3,5430,25,0,No,3,1,4,1,4,3,6,13.4,10.8,2.5,8.3,9.9,6,Yes
414,2,6,20131001,,27,Female,Married,5,Medical,Travel_Rarely,6,2,7270,23,0,No,3,3,4,2,4,4,1,17.5,13.0,2.5,6.4,8.8,2,No
415,3,10,20120401,,55,Male,Married,4,Medical,Travel_Rarely,20,4,13800,21,0,No,1,1,4,2,1,3,4,18.7,14.5,2.8,3.0,12.0,4,No
416,1,1,20250201,20251001,35,Female,Married,4,Technical Degree,Travel_Frequently,30,1,2610,20,0,No,3,1,3,4,2,3,1,8.6,1.6,0.3,0.5,0.9,2,Yes
417,2,6,20190401,20241101,24,Male,Single,4,Human Resources,Travel_Frequently,19,3,8540,12,3,No,3,3,1,3,4,3,0,14.9,7.5,5.0,6.6,1.8,0,Yes
418,3,9,20210701,,35,Female,Married,3,Technical Degree,Travel_Rarely,13,3,8090,19,1,No,3,3,1,3,3,3,4,5.4,5.2,0.3,4.0,4.2,0,No
419,2,6,20210401,20230801,43,Male,Married,5,Technical Degree,Travel_Frequently,19,3,9310,11,0,Yes,2,2,1,2,3,3,6,7.3,5.4,3.2,1.2,4.0,2,Yes
420,2,8,20220101,,28,Male,Single,5,Marketing,Travel_Rarely,10,3,7670,15,2,No,2,4,2,3,1,3,1,8.7,4.7,3.5,1.7,4.3,3,No
421,3,10,20141201,,52,Female,Single,5,Medical,Travel_Frequently,2,3,7510,12,0,No,4,2,3,2,4,3,6,13.6,11.8,8.8,2.5,4.4,6,No
422,2,8,20220101,,22,Female,Married,1,Technical Degree,Travel_Rarely,12,4,10920,23,2,No,4,4,4,3,4,3,0,7.7,4.7,3.1,2.5,3.1,6,No
423,2,7,20200301,20230501,24,Male,Divorced,5,Technical Degree,Travel_Frequently,9,2,5440,13,3,Yes,2,4,2,4,4,3,4,13.4,6.5,6.1,3.0,3.7,4,Yes
424,2,6,20191001,,38,Female,Divorced,1,Human Resources,Non-Travel,1,5,11230,18,1,No,3,3,3,1,4,3,3,11.5,7.0,2.2,1.9,1.3,0,No
425,2,5,20220901,,38,Female,Married,3,Medical,Travel_Rarely,17,2,7020,11,3,No,4,4,1,4,4,3,0,5.2,4.0,2.5,0.2,0.5,0,No
426,2,6,20241201,20250201,27,Male,Divorced,2,Technical Degree,Non-Travel,14,1,3440,16,1,No,3,4,4,3,4,3,3,3.7,1.8,0.6,0.7,1.5,0,Yes
427,2,5,20190801,,30,Male,Single,3,Human Resources,Travel_Frequently,13,1,3120,21,0,No,1,4,2,3,3,3,2,11.2,7.1,5.5,3.6,4.1,3,No
428,1,2,20141201,,54,Male,Divorced,4,Technical Degree,Travel_Rarely,26,2,4540,18,0,No,4,4,3,4,3,3,1,15.3,11.8,3.2,9.9,3.5,4,No
429,2,6,20231101,,51,Male,Married,3,Technical Degree,Non-Travel,9,1,3640,19,3,No,3,3,4,4,4,3,5,10.3,2.9,0.7,2.6,2.0,0,No
430,3,9,20260201,20260601,51,Male,Single,4,Life Sciences,Travel_Frequently,12,3,9560,14,1,Yes,2,4,4,3,3,4,3,6.1,0.6,0.6,0.1,0.5,0,Yes
431,2,8,20151201,20211101,47,Female,Divorced,3,Technical Degree,Travel_Frequently,3,1,2480,18,0,Yes,3,3,3,4,1,3,6,16.4,10.8,7.9,7.8,6.4,2,Yes
432,3,9,20220801,,58,Female,Married,3,Marketing,Travel_Rarely,17,4,11070,16,0,Yes,2,1,2,3,4,3,5,11.7,4.1,0.2,3.9,3.6,2,No
433,1,2,20150301,,35,Female,Single,3,Life Sciences,Travel_Rarely,7,3,9520,20,0,Yes,3,1,3,4,4,4,4,17.5,11.5,0.3,10.4,11.0,0,No
434,2,7,20240101,,52,Female,Single,5,Medical,Travel_Rarely,17,2,5610,22,1,No,3,4,2,4,3,4,0,10.4,2.7,2.2,2.0,0.6,6,No
435,2,4,20230801,20250201,56,Male,Divorced,1,Other,Travel_Rarely,27,2,6450,12,3,Yes,4,4,1,1,3,3,3,7.9,3.2,2.8,0.7,0.6,1,Yes
436,3,10,20111201,,45,Male,Divorced,3,Marketing,Travel_Rarely,26,2,6540,19,1,No,2,1,4,3,2,4,5,22.4,14.8,13.0,12.4,13.0,2,No
437,2,7,20181101,,28,Male,Married,4,Marketing,Travel_Frequently,20,1,3030,25,2,No,3,3,2,3,3,3,6,13.5,7.9,5.6,6.1,3.8,3,No
438,1,1,20250801,,38,Female,Divorced,3,Medical,Travel_Frequently,4,2,6640,16,0,No,3,4,1,3,4,3,1,3.6,1.1,0.5,0.6,0.2,2,No
439,3,9,20220301,20251001,25,Male,Divorced,3,Medical,Travel_Frequently,30,2,4790,11,0,No,1,4,1,3,3,3,2,12.4,4.5,3.8,1.8,3.2,2,Yes
440,2,4,20180301,,23,Female,Divorced,4,Life Sciences,Non-Travel,17,3,8120,17,0,No,3,3,4,1,3,3,0,13.8,8.6,1.1,6.4,2.3,6,No
441,2,5,20200701,,41,Female,Divorced,1,Other,Travel_Rarely,3,2,5360,22,1,Yes,2,1,3,3,3,3,3,9.9,6.2,0.6,6.0,3.6,0,No
442,3,10,20140101,,22,Female,Single,3,Technical Degree,Non-Travel,6,4,14880,20,0,Yes,2,3,3,3,3,3,0,13.6,12.7,3.9,1.8,8.0,6,No
443,2,7,20131201,20250901,40,Female,Single,3,Life Sciences,Travel_Frequently,18,5,19340,18,1,No,4,4,1,2,3,3,4,17.6,12.8,11.2,3.4,2.7,6,Yes
444,1,2,20170201,,31,Male,Married,1,Life Sciences,Travel_Rarely,13,1,3840,15,1,Yes,4,2,2,4,3,3,6,13.6,9.6,6.0,5.0,1.3,2,No
445,2,4,20160401,,60,Female,Divorced,3,Human Resources,Travel_Rarely,23,1,2920,12,3,No,1,4,2,1,3,3,1,12.2,10.5,3.5,7.8,10.5,4,No
446,1,3,20181201,,25,Female,Divorced,4,Human Resources,Travel_Rarely,24,2,5780,17,3,No,3,3,2,3,1,3,6,12.8,7.8,7.2,2.1,6.4,1,No
447,1,2,20130501,,29,Female,Married,4,Human Resources,Travel_Rarely,1,5,24180,13,0,No,3,1,1,4,2,3,3,18.2,13.4,13.0,9.9,8.3,3,No
448,2,6,20180101,,40,Male,Single,3,Human Resources,Travel_Frequently,27,1,3760,21,2,Yes,3,4,3,3,4,3,0,14.3,8.7,3.1,7.3,2.8,4,No
449,2,6,20181101,,32,Male,Married,4,Technical Degree,Travel_Rarely,6,5,20080,14,0,No,2,1,3,2,4,3,1,13.6,7.8,1.7,4.4,7.8,0,No
450,2,8,20120801,20150801,46,Male,Divorced,3,Other,Travel_Frequently,21,1,3710,22,2,No,3,4,1,1,4,3,3,14.6,14.1,8.1,0.4,10.1,5,Yes
451,1,2,20250401,20250801,47,Male,Single,4,Technical Degree,Travel_Rarely,1,3,11140,13,3,No,3,4,3,4,3,3,5,4.0,1.5,1.3,0.4,1.3,5,Yes
452,3,9,20200601,20240201,30,Female,Single,3,Medical,Travel_Frequently,1,2,4250,12,0,No,3,4,3,3,1,3,6,11.2,6.3,4.3,2.6,4.0,5,Yes
453,3,10,20160401,20210501,22,Male,Single,4,Medical,Travel_Frequently,28,3,8840,22,0,Yes,2,3,3,4,2,3,5,11.1,10.4,7.5,2.6,8.7,2,Yes
454,2,5,20120401,,26,Female,Married,3,Human Resources,Travel_Rarely,5,1,3340,22,0,No,3,4,2,2,4,3,6,18.7,14.5,12.0,10.0,2.5,5,No
455,1,2,20251201,20260901,53,Male,Married,3,Medical,Travel_Rarely,12,3,9600,12,1,No,4,1,3,2,3,3,3,8.2,0.8,0.4,0.5,0.4,2,Yes
456,3,9,20130901,,32,Male,Married,3,Human Resources,Travel_Rarely,11,2,4990,11,3,No,4,4,4,3,3,3,5,18.6,13.0,9.5,6.2,3.2,4,No
457,1,1,20141101,,31,Male,Married,5,Human Resources,Travel_Frequently,2,1,3300,18,0,No,3,4,2,2,2,3,2,13.4,11.8,11.5,8.9,1.5,6,No
458,1,2,20180401,,36,Male,Divorced,4,Human Resources,Travel_Rarely,30,2,3730,18,1,No,3,1,1,3,2,3,3,8.5,8.5,1.4,0.8,4.7,2,No
459,2,7,20130701,20240501,59,Female,Divorced,3,Life Sciences,Travel_Rarely,27,2,5180,14,0,Yes,2,2,3,2,3,3,2,13.4,13.2,11.7,2.4,3.1,2,Yes
460,1,1,20150101,,37,Female,Single,3,Medical,Travel_Rarely,13,1,3340,16,0,No,3,4,1,3,3,3,0,18.4,11.7,5.4,1.0,8.0,0,No
461,2,5,20190201,,28,Female,Divorced,4,Marketing,Travel_Rarely,13,1,4600,22,1,No,2,4,4,3,1,3,3,14.4,7.6,7.4,0.8,1.4,0,No
462,2,8,20170201,,44,Male,Divorced,3,Other,Travel_Rarely,14,1,3260,21,0,Yes,2,4,3,3,2,3,1,12.3,9.6,2.8,7.9,5.2,1,No
463,2,8,20210301,,48,Female,Married,4,Technical Degree,Travel_Rarely,3,1,2490,23,2,No,3,4,1,4,4,3,4,13.0,5.6,5.1,5.2,4.6,0,No
464,2,5,20191101,20220401,26,Female,Single,3,Medical,Travel_Rarely,16,4,10620,15,1,Yes,3,2,4,3,4,3,0,11.8,6.9,3.7,5.5,4.8,2,Yes
465,1,1,20120601,,47,Male,Married,3,Marketing,Travel_Rarely,24,3,6650,16,1,No,3,3,2,2,4,3,0,16.8,14.3,3.2,0.3,4.6,6,No
466,2,4,20251201,,55,Male,Divorced,3,Technical Degree,Non-Travel,24,2,4760,15,2,No,3,3,2,3,3,3,2,6.1,0.8,0.5,0.1,0.4,3,No
467,1,1,20230901,,39,Female,Single,5,Technical Degree,Travel_Frequently,19,4,13710,17,1,Yes,3,2,4,2,4,3,1,6.0,3.0,2.8,0.4,1.2,5,No
468,2,6,20160401,,53,Female,Single,3,Technical Degree,Travel_Rarely,18,3,4110,21,0,No,4,3,4,4,3,3,3,12.8,10.5,9.7,1.6,9.2,4,No
469,3,10,20260201,20260601,60,Male,Divorced,4,Human Resources,Travel_Frequently,1,4,11320,24,0,No,4,3,4,2,3,3,0,3.2,0.6,0.1,0.3,0.3,1,Yes
470,1,2,20130201,,22,Male,Divorced,3,Technical Degree,Non-Travel,20,4,10560,25,0,No,3,4,1,1,3,4,5,17.1,13.6,3.3,2.4,6.3,3,No
471,1,2,20130101,,47,Female,Divorced,2,Human Resources,Non-Travel,26,3,8670,22,3,No,3,3,4,2,4,3,5,18.9,13.7,7.3,0.3,6.6,4,No
472,1,2,20210301,20221101,31,Female,Married,3,Other,Travel_Rarely,23,1,2660,15,0,No,3,2,3,2,2,3,0,11.9,5.5,1.2,0.5,3.5,1,Yes
473,1,1,20191001,,35,Female,Divorced,4,Marketing,Travel_Rarely,5,3,9270,17,0,No,2,4,3,2,1,3,3,14.6,7.0,1.1,4.4,3.3,4,No
474,3,9,20120301,,46,Female,Divorced,5,Medical,Travel_Frequently,21,2,6160,13,1,Yes,3,4,1,2,2,3,6,15.7,14.5,12.4,4.6,5.4,4,No
475,1,2,20120501,,33,Female,Married,3,Technical Degree,Travel_Frequently,24,3,7940,16,1,Yes,2,4,4,3,1,3,4,21.7,14.4,12.1,12.2,11.3,3,No
476,2,4,20120101,,36,Female,Divorced,4,Medical,Travel_Rarely,9,1,3360,24,3,Yes,4,1,2,2,2,3,4,21.6,14.7,3.4,10.5,2.6,3,No
477,3,9,20240101,20251101,24,Female,Divorced,2,Life Sciences,Travel_Rarely,19,2,6810,18,2,Yes,2,4,3,3,1,3,4,6.2,2.7,1.3,0.3,1.6,4,Yes
478,1,3,20191201,20241201,42,Female,Divorced,5,Marketing,Travel_Rarely,15,3,7130,13,1,Yes,2,4,3,2,1,3,4,8.9,6.8,3.6,2.3,4.6,2,Yes
479,2,6,20211101,,55,Male,Single,4,Life Sciences,Travel_Rarely,20,3,8050,17,2,Yes,4,3,2,4,4,3,5,7.4,4.9,1.5,3.8,2.3,6,No
480,2,5,20191001,,35,Female,Married,3,Marketing,Travel_Rarely,25,3,9390,17,0,No,3,3,1,3,2,3,3,9.7,7.0,2.5,5.2,3.1,1,No
481,2,5,20180101,20241201,39,Female,Single,3,Marketing,Travel_Rarely,9,1,2900,22,1,Yes,4,4,4,3,4,3,4,11.3,8.7,4.9,1.7,1.9,1,Yes
482,3,10,20200601,,45,Male,Single,4,Life Sciences,Non-Travel,25,3,10060,24,0,No,2,2,1,2,3,3,5,10.6,6.3,2.8,1.8,3.0,2,No
483,2,5,20190801,,22,Male,Single,4,Other,Travel_Rarely,15,2,6330,15,0,Yes,3,1,1,3,3,3,1,14.8,7.1,2.6,5.5,5.3,0,No
484,1,1,20251201,,53,Female,Single,3,Human Resources,Travel_Rarely,21,1,4660,12,3,Yes,3,3,4,4,1,4,2,8.5,0.8,0.7,0.3,0.4,4,No
485,2,4,20230301,20251101,25,Female,Married,3,Technical Degree,Travel_Frequently,24,2,6780,11,1,No,3,1,2,2,4,3,4,8.7,3.5,0.3,2.3,1.2,6,Yes
486,2,4,20230501,,57,Female,Divorced,2,Human Resources,Non-Travel,5,5,19600,16,2,No,4,4,2,2,4,3,6,5.0,3.4,0.6,0.1,2.0,1,No
487,1,1,20211201,,29,Female,Single,1,Technical Degree,Travel_Rarely,4,1,3990,12,0,Yes,2,4,4,3,4,3,3,7.8,4.8,2.1,1.9,1.0,1,No
488,3,9,20160501,,44,Female,Married,2,Human Resources,Travel_Rarely,10,2,4680,24,1,No,2,4,4,4,4,3,0,10.4,10.3,3.9,4.3,9.9,2,No
489,2,6,20231001,,23,Male,Single,3,Medical,Travel_Frequently,28,1,2410,17,0,No,4,4,4,4,2,4,4,7.1,3.0,0.4,1.4,0.1,0,No
490,1,1,20200901,20260201,52,Male,Married,4,Technical Degree,Non-Travel,28,2,4260,19,0,Yes,3,3,2,1,4,3,3,11.0,6.0,0.2,0.2,0.2,0,Yes
491,2,8,20260801,20260901,47,Female,Single,4,Human Resources,Travel_Rarely,20,1,2110,20,0,No,2,1,4,2,1,3,5,2.6,0.1,0.0,0.1,0.0,3,Yes
492,1,2,20191101,20220101,36,Male,Married,4,Medical,Travel_Frequently,9,1,3250,17,0,No,2,4,4,3,4,3,4,9.4,6.8,6.6,4.5,3.5,6,Yes
493,1,1,20260501,,30,Male,Single,3,Medical,Travel_Frequently,13,1,2680,12,1,No,3,3,2,4,2,3,6,4.9,0.3,0.1,0.1,0.2,6,No
494,3,9,20201001,20260701,50,Male,Divorced,4,Marketing,Non-Travel,15,1,2700,22,0,No,4,2,3,4,1,4,1,6.5,6.0,2.2,3.9,5.8,4,Yes
495,2,4,20180901,,30,Male,Single,4,Medical,Travel_Frequently,12,3,9420,13,0,No,2,3,3,4,4,3,0,12.2,8.0,6.2,4.5,4.2,4,No
496,2,4,20141201,,38,Male,Married,3,Marketing,Non-Travel,9,3,8480,14,3,No,3,4,1,3,2,3,2,19.6,11.8,10.5,5.5,1.6,6,No
497,2,4,20220401,20241101,46,Male,Divorced,3,Technical Degree,Travel_Frequently,4,2,5180,13,1,No,3,1,1,2,1,3,1,6.4,4.4,1.5,1.0,4.2,3,Yes
498,2,5,20181201,,28,Female,Single,4,Life Sciences,Non-Travel,15,1,2850,22,1,No,3,4,2,2,4,3,2,14.7,7.7,7.3,0.3,6.5,4,No
499,2,4,20200501,,52,Female,Married,4,Life Sciences,Travel_Rarely,27,2,7060,18,0,Yes,3,3,4,2,4,3,2,13.1,6.4,4.7,5.8,4.1,4,No
500,3,10,20120301,,45,Female,Single,2,Human Resources,Travel_Rarely,23,2,5630,17,1,No,1,3,3,3,4,3,2,22.1,14.5,8.3,1.7,11.1,3,No
501,2,7,20190401,,22,Male,Divorced,1,Medical,Travel_Frequently,12,1,3630,18,2,No,2,4,3,3,2,3,6,8.3,7.5,6.9,6.0,5.5,6,No
502,2,6,20190301,,46,Female,Single,4,Technical Degree,Travel_Frequently,4,1,3130,17,0,No,3,2,3,2,4,3,2,10.4,7.6,4.1,6.1,7.3,6,No
503,2,6,20130801,,31,Male,Married,2,Life Sciences,Travel_Rarely,13,1,3960,25,2,No,3,2,4,3,3,4,4,15.6,13.1,6.6,8.4,3.9,0,No
504,2,5,20250901,20260801,60,Male,Married,3,Medical,Travel_Frequently,8,1,3700,21,2,Yes,2,2,4,4,3,3,1,3.0,1.0,0.2,1.0,0.0,4,Yes
505,2,4,20130901,20250301,47,Male,Divorced,3,Human Resources,Travel_Frequently,9,2,6150,19,0,No,4,1,4,4,2,3,2,20.1,13.0,12.7,9.7,9.2,1,Yes
506,2,8,20181101,,55,Female,Single,3,Human Resources,Travel_Rarely,27,2,5170,18,1,Yes,1,4,1,3,3,4,3,13.6,7.9,5.1,4.4,7.8,3,No
507,1,3,20210101,,25,Female,Single,3,Other,Travel_Frequently,5,1,2520,21,0,No,2,4,3,3,4,4,5,13.3,5.7,4.1,4.1,2.8,4,No
508,1,1,20250101,20260401,60,Male,Divorced,3,Marketing,Travel_Frequently,25,1,3410,13,0,No,4,4,2,1,3,3,1,6.6,1.7,0.9,1.2,1.2,5,Yes
509,2,7,20180901,20220601,51,Male,Married,2,Medical,Travel_Rarely,8,2,6450,12,1,No,1,3,4,1,3,3,2,9.5,8.1,3.5,2.0,0.7,4,Yes
510,2,7,20250201,20250401,40,Male,Divorced,3,Human Resources,Travel_Frequently,4,4,14260,20,0,No,2,3,4,3,3,3,1,9.2,1.6,0.3,1.0,0.3,3,Yes
511,3,9,20220801,,28,Female,Married,3,Life Sciences,Travel_Frequently,30,2,4480,23,0,No,2,3,2,3,2,3,1,8.8,4.1,0.7,0.4,0.8,1,No
512,1,1,20130501,20140101,43,Male,Married,4,Other,Travel_Rarely,23,2,3930,19,1,No,2,1,4,2,3,3,4,14.1,13.3,6.9,8.8,4.3,3,Yes
513,2,8,20191001,20240901,27,Female,Divorced,4,Technical Degree,Travel_Rarely,2,1,3940,20,1,Yes,3,4,3,1,2,3,0,10.9,6.9,5.4,2.0,4.7,4,Yes
514,3,9,20250801,,54,Male,Divorced,4,Marketing,Travel_Rarely,23,1,2600,21,1,Yes,1,3,4,2,2,4,5,8.4,1.1,0.1,1.0,1.0,5,No
515,2,6,20170801,,32,Female,Single,5,Marketing,Travel_Rarely,23,2,6070,22,3,No,3,1,4,3,4,3,3,9.5,9.1,1.3,2.2,6.1,6,No
516,3,10,20231001,,21,Female,Single,4,Other,Travel_Rarely,6,1,4340,22,0,No,3,4,3,3,2,3,6,8.3,3.0,0.7,1.9,0.3,0,No
517,2,7,20150101,,33,Male,Divorced,3,Technical Degree,Travel_Rarely,3,3,8610,18,1,No,3,4,4,3,4,3,6,19.7,11.7,5.5,1.3,2.7,5,No
518,3,10,20181001,,21,Male,Married,5,Marketing,Travel_Rarely,8,1,4000,21,1,Yes,1,3,4,3,2,3,2,11.6,7.9,7.1,0.4,3.0,4,No
519,1,1,20121001,,28,Male,Married,3,Human Resources,Travel_Rarely,1,2,6160,12,2,No,3,1,3,1,4,3,0,19.8,14.0,10.1,4.5,0.5,4,No
520,2,5,20150801,20201101,60,Female,Married,3,Other,Travel_Rarely,29,1,2290,21,1,No,4,3,2,2,4,3,1,16.0,11.1,3.8,11.0,5.1,2,Yes
521,2,7,20180901,,55,Male,Married,4,Medical,Travel_Rarely,13,1,3040,19,0,No,2,2,2,4,3,3,3,9.7,8.0,3.2,7.1,3.7,3,No
522,2,7,20240301,20260501,44,Female,Single,2,Technical Degree,Travel_Rarely,2,1,2930,25,0,Yes,3,3,2,3,3,3,6,6.8,2.5,1.1,2.3,2.4,5,Yes
523,3,10,20190701,20210401,30,Female,Divorced,2,Medical,Travel_Rarely,25,3,10130,23,0,No,1,4,4,2,1,4,2,10.9,7.2,6.2,0.9,6.7,2,Yes
524,2,4,20130701,,40,Male,Married,5,Human Resources,Non-Travel,18,4,10530,13,0,Yes,3,3,2,3,3,4,2,20.4,13.2,5.9,4.5,2.3,5,No
525,2,4,20230801,,28,Male,Married,4,Life Sciences,Travel_Rarely,27,2,4530,11,3,No,4,3,4,4,4,3,4,10.1,3.1,1.5,1.5,2.4,1,No
526,2,7,20190601,20220301,30,Male,Divorced,5,Medical,Travel_Rarely,20,2,5030,13,0,No,2,3,4,4,1,3,6,9.6,7.3,5.8,5.7,2.6,1,Yes
527,2,5,20111201,,37,Female,Married,1,Marketing,Non-Travel,19,2,6300,11,1,Yes,2,3,3,3,4,3,4,18.5,14.8,1.2,8.2,1.9,5,No
528,2,6,20160701,20250901,37,Male,Married,3,Marketing,Travel_Frequently,1,3,7660,12,0,No,2,1,3,2,1,3,4,17.6,10.2,0.9,6.8,3.2,5,Yes
529,2,6,20160401,,60,Male,Single,4,Human Resources,Travel_Rarely,7,4,14470,12,0,No,3,2,1,1,2,3,0,15.4,10.4,3.4,6.9,6.4,3,No
530,2,8,20130501,,59,Male,Married,4,Marketing,Travel_Frequently,9,2,6950,14,1,Yes,3,1,2,2,4,3,1,20.3,13.4,0.8,2.5,0.1,5,No
531,2,5,20170201,20251001,59,Female,Divorced,3,Other,Travel_Rarely,25,1,2000,11,1,Yes,3,1,4,3,1,3,5,11.7,9.7,3.3,2.3,0.1,0,Yes
532,2,6,20190701,,59,Male,Divorced,4,Marketing,Travel_Rarely,18,1,3250,20,0,No,3,3,4,2,4,4,6,10.8,7.2,5.3,3.5,3.6,3,No
533,2,8,20170301,20260801,49,Male,Single,4,Other,Travel_Rarely,13,2,6380,13,1,No,2,1,3,2,2,3,6,17.1,9.5,8.3,7.5,3.6,3,Yes
534,3,9,20150601,20220801,38,Male,Single,4,Technical Degree,Travel_Rarely,4,1,2060,18,1,Yes,2,3,3,2,3,4,0,14.8,11.3,10.7,1.8,11.0,5,Yes
535,2,5,20141001,,60,Female,Divorced,3,Life Sciences,Travel_Rarely,16,2,4910,16,1,Yes,4,4,3,4,3,3,2,14.3,12.0,8.7,9.7,10.4,2,No
536,2,6,20210701,20231001,33,Male,Married,3,Other,Travel_Rarely,1,4,13800,17,2,No,3,1,3,3,4,4,4,10.9,5.2,3.2,4.2,1.3,2,Yes
537,2,4,20210801,,38,Male,Married,3,Life Sciences,Travel_Frequently,11,1,3490,23,1,No,4,3,1,3,4,3,1,10.2,5.1,1.7,4.2,2.5,6,No
538,2,4,20220101,,45,Female,Divorced,3,Life Sciences,Travel_Rarely,25,1,2940,21,0,No,2,3,2,4,3,3,0,5.9,4.7,0.1,3.1,3.6,4,No
539,1,3,20190501,20200301,58,Male,Married,2,Life Sciences,Non-Travel,14,2,4630,11,1,No,2,4,1,3,4,3,4,11.8,7.4,2.7,2.3,5.3,3,Yes
540,1,3,20210501,20221001,30,Male,Divorced,5,Medical,Travel_Frequently,16,1,4170,17,1,No,3,2,4,4,3,3,2,6.1,5.4,1.9,1.9,0.4,6,Yes
541,1,1,20210801,,56,Male,Single,4,Other,Non-Travel,11,3,8360,23,0,No,1,4,3,1,2,3,6,8.9,5.1,0.2,3.9,4.8,1,No
542,1,1,20221201,,43,Male,Divorced,3,Marketing,Travel_Rarely,18,2,5330,24,0,No,3,2,2,2,1,3,4,7.0,3.8,0.6,0.0,2.4,0,No
543,3,9,20240401,20250401,46,Male,Single,1,Life Sciences,Travel_Rarely,23,4,13920,11,1,No,2,4,4,2,1,3,5,8.4,2.5,2.2,0.5,1.4,6,Yes
544,2,4,20171101,20240501,52,Female,Divorced,3,Marketing,Travel_Frequently,22,1,2700,20,0,No,1,1,1,1,2,3,2,13.7,8.9,1.5,4.4,5.0,3,Yes
545,1,3,20170301,20180301,27,Male,Married,4,Medical,Travel_Frequently,29,1,2000,23,3,Yes,2,3,4,3,4,4,2,15.5,9.6,3.6,2.7,6.3,1,Yes
546,2,4,20151101,,50,Female,Married,4,Life Sciences,Non-Travel,16,2,6110,13,3,No,3,1,1,3,2,3,3,11.3,10.8,7.5,2.3,4.3,3,No
547,2,5,20260801,20260901,22,Female,Single,4,Medical,Travel_Frequently,16,3,8440,12,1,No,3,3,2,3,3,3,4,8.1,0.1,0.0,0.1,0.1,1,Yes
548,2,7,20200201,,32,Female,Married,5,Technical Degree,Travel_Rarely,14,1,2730,13,0,Yes,3,3,4,4,2,3,3,7.8,6.6,4.4,5.9,4.5,4,No
549,1,3,20230101,,59,Female,Divorced,4,Other,Travel_Rarely,3,4,15930,19,0,No,1,4,4,2,2,3,6,10.5,3.7,2.1,3.6,2.9,2,No
550,2,6,20210901,20240201,44,Female,Divorced,4,Other,Travel_Rarely,15,3,8390,23,0,Yes,1,4,3,2,2,3,1,9.6,5.0,3.7,3.4,4.9,2,Yes
551,2,5,20200101,,34,Male,Single,1,Life Sciences,Travel_Rarely,4,2,4240,15,0,No,3,2,3,4,3,3,2,7.7,6.7,1.2,5.2,0.5,5,No
552,1,1,20160101,,52,Female,Married,3,Life Sciences,Travel_Rarely,29,5,22030,18,3,No,3,4,4,1,2,3,5,17.6,10.7,4.1,5.8,1.0,1,No
553,1,2,20160201,20221001,50,Female,Divorced,3,Marketing,Travel_Rarely,4,1,3850,25,1,Yes,1,2,2,3,4,3,1,10.9,10.6,3.3,8.2,9.1,5,Yes
554,1,2,20230101,,54,Female,Single,3,Technical Degree,Non-Travel,16,1,2440,23,1,No,3,2,3,2,2,4,6,4.0,3.7,2.2,1.6,2.5,4,No
555,2,4,20130101,,49,Male,Single,2,Medical,Travel_Rarely,29,2,6380,15,0,No,3,1,1,4,3,3,0,18.2,13.7,6.0,5.0,9.6,4,No
556,1,3,20111001,20230801,28,Male,Single,3,Life Sciences,Non-Travel,26,2,6190,12,1,No,2,1,1,3,1,3,3,16.6,15.0,9.9,8.2,8.4,6,Yes
557,2,5,20210301,20250601,58,Male,Married,3,Medical,Travel_Rarely,6,2,3770,13,1,No,4,1,4,3,4,3,3,12.5,5.6,4.5,1.1,2.7,1,Yes
558,2,7,20161201,,44,Male,Married,2,Technical Degree,Travel_Frequently,13,3,7790,14,1,No,2,3,4,4,3,3,5,10.1,9.8,3.1,3.9,1.9,1,No
559,3,9,20170401,,39,Female,Single,3,Technical Degree,Non-Travel,9,2,6270,15,2,No,3,4,4,3,3,3,5,9.9,9.4,0.8,8.4,1.4,6,No
560,3,9,20150901,,59,Male,Married,2,Marketing,Travel_Rarely,9,2,3430,14,0,No,4,4,3,2,2,3,5,18.9,11.1,5.9,6.8,0.7,4,No
561,2,5,20121101,,37,Female,Divorced,2,Other,Travel_Rarely,23,1,3430,13,0,No,3,2,2,3,3,3,5,20.9,13.8,1.9,10.6,4.1,5,No
562,2,6,20131101,,36,Female,Married,3,Other,Travel_Frequently,27,2,4250,12,0,No,4,4,3,4,3,3,0,16.5,12.8,4.4,3.3,0.9,4,No
563,2,5,20151201,,24,Female,Divorced,3,Technical Degree,Travel_Frequently,2,1,3760,13,2,Yes,4,4,2,4,3,3,6,14.3,10.8,3.4,1.5,1.3,2,No
564,2,5,20130201,,39,Female,Single,3,Medical,Non-Travel,19,1,3650,23,3,No,3,3,1,2,3,3,1,18.2,13.6,3.6,7.5,11.4,2,No
565,1,2,20121201,,27,Male,Married,3,Medical,Travel_Rarely,14,2,4980,12,2,No,3,3,2,4,4,3,1,15.1,13.8,2.4,3.0,1.5,0,No
566,2,5,20260301,,34,Female,Married,3,Human Resources,Non-Travel,3,3,9190,17,0,No,3,2,3,2,4,4,2,4.5,0.5,0.3,0.4,0.3,3,No
567,2,8,20260301,20260501,22,Male,Divorced,2,Other,Travel_Rarely,14,1,3270,15,1,Yes,2,4,3,3,4,3,5,3.7,0.6,0.2,0.2,0.3,3,Yes
568,1,2,20210101,,31,Male,Divorced,3,Other,Travel_Rarely,28,1,3750,15,0,No,1,4,3,3,4,4,6,6.3,5.7,5.3,2.6,1.7,6,No
569,1,3,20220401,,39,Female,Married,3,Medical,Travel_Rarely,4,2,5080,19,3,No,2,1,4,3,3,3,6,9.3,4.5,0.3,3.5,1.2,4,No
570,2,7,20230901,,29,Male,Single,2,Technical Degree,Travel_Rarely,6,3,9200,13,1,No,3,1,3,1,3,3,3,4.9,3.0,1.8,1.1,2.3,5,No
571,3,9,20141201,,55,Female,Divorced,5,Technical Degree,Travel_Rarely,30,2,3710,14,0,No,4,4,1,4,3,3,6,14.5,11.7,7.1,8.4,8.8,0,No
572,2,4,20160701,,22,Male,Married,4,Other,Travel_Rarely,5,1,3200,18,0,Yes,3,4,3,2,2,4,2,17.1,10.2,8.1,7.6,6.6,1,No
573,1,2,20171201,,39,Female,Single,3,Marketing,Travel_Rarely,16,5,19730,16,0,Yes,4,2,4,2,4,3,6,15.9,8.8,7.7,0.7,2.6,0,No
574,3,9,20121101,,44,Male,Married,3,Technical Degree,Travel_Rarely,29,2,5200,23,1,No,3,3,4,3,4,3,4,17.5,13.8,8.6,3.9,0.7,6,No
575,2,8,20180101,20191201,38,Male,Single,2,Medical,Travel_Rarely,19,3,9700,20,0,Yes,4,1,1,4,2,3,1,10.9,8.7,1.9,0.4,0.1,0,Yes
576,2,8,20181201,,28,Male,Divorced,4,Technical Degree,Travel_Rarely,18,3,7420,16,1,No,2,2,4,3,3,3,2,12.7,7.8,7.6,6.6,7.5,4,No
577,2,4,20150301,,35,Male,Married,3,Technical Degree,Travel_Rarely,28,3,5720,14,2,Yes,2,4,4,3,3,3,4,13.9,11.5,11.2,11.4,0.6,3,No
578,2,6,20111001,,40,Male,Single,4,Medical,Travel_Rarely,14,1,2820,16,0,No,2,4,3,4,3,3,6,15.5,15.0,4.7,13.3,6.5,6,No
579,2,4,20130501,,60,Male,Married,3,Medical,Travel_Rarely,14,1,4230,21,0,No,1,3,1,2,4,3,0,16.4,13.4,1.1,1.1,10.7,6,No
580,3,10,20251001,20260801,26,Male,Single,3,Marketing,Travel_Frequently,29,5,17840,12,0,No,2,4,1,3,2,3,1,9.0,1.0,0.1,0.0,0.0,6,Yes
581,1,2,20190101,20240301,52,Male,Divorced,1,Marketing,Travel_Rarely,21,2,5750,24,0,No,2,2,1,2,1,3,4,13.0,7.7,5.4,6.2,2.8,0,Yes
582,1,3,20130801,,30,Male,Married,4,Marketing,Travel_Frequently,18,1,2800,22,0,No,3,1,2,2,1,3,5,15.0,13.1,6.3,5.4,12.2,6,No
583,2,7,20190501,,32,Female,Married,5,Other,Travel_Rarely,30,4,14900,13,3,No,3,3,4,2,4,3,5,10.9,7.3,6.0,5.4,5.2,4,No
584,2,5,20120601,,33,Male,Married,4,Life Sciences,Travel_Rarely,27,1,4260,13,0,No,3,4,3,3,4,4,0,17.2,14.3,4.9,8.8,4.8,4,No
585,2,4,20200201,,48,Male,Married,3,Other,Travel_Rarely,26,3,7020,25,1,Yes,2,2,3,3,2,3,3,10.9,6.6,5.0,0.3,2.2,0,No
586,3,10,20250901,,37,Female,Married,3,Life Sciences,Travel_Frequently,26,2,6050,25,1,No,3,3,4,3,3,3,0,2.8,1.0,0.8,0.2,0.0,4,No
587,2,8,20240101,20240801,58,Male,Divorced,3,Other,Travel_Rarely,7,2,5150,18,0,Yes,2,4,2,3,3,3,1,9.5,2.7,2.5,1.1,2.0,3,Yes
588,2,6,20120401,,27,Female,Married,4,Human Resources,Travel_Frequently,3,3,9510,15,3,No,2,3,1,3,4,3,0,14.9,14.4,14.2,12.6,12.3,0,No
589,3,10,20171201,,38,Male,Married,3,Life Sciences,Travel_Frequently,26,5,20640,19,2,No,3,3,4,3,1,4,4,15.3,8.8,4.8,2.2,0.2,6,No
590,1,2,20120501,20201001,53,Female,Single,2,Medical,Travel_Rarely,22,3,9690,19,2,No,3,3,2,1,3,3,5,18.3,14.4,8.4,10.0,14.1,2,Yes
591,2,6,20240701,,47,Male,Married,2,Technical Degree,Travel_Rarely,18,1,3100,24,1,No,2,3,3,1,1,4,3,7.0,2.2,1.2,0.3,0.3,5,No
592,1,3,20170501,,37,Female,Single,3,Marketing,Travel_Rarely,1,1,3100,13,1,Yes,4,4,3,4,3,3,5,17.2,9.3,9.1,3.4,4.6,2,No
593,2,6,20241101,,28,Male,Divorced,3,Medical,Travel_Frequently,3,2,4160,15,3,No,3,1,3,4,2,4,4,3.7,1.8,0.5,1.5,1.0,0,No
594,2,5,20130601,,24,Male,Single,5,Life Sciences,Travel_Rarely,9,4,11330,25,2,Yes,2,2,3,3,4,3,3,13.3,13.3,11.9,0.6,10.8,0,No
595,1,3,20200701,,31,Male,Married,4,Life Sciences,Non-Travel,7,2,5870,13,0,No,3,4,2,2,4,3,1,10.8,6.2,4.5,5.2,3.1,3,No
596,3,10,20201201,,52,Male,Single,3,Technical Degree,Travel_Rarely,23,5,16460,22,0,Yes,1,3,4,2,1,3,5,11.3,5.8,3.3,4.7,3.4,1,No
597,1,1,20230501,,47,Male,Married,3,Medical,Travel_Rarely,17,2,5920,14,0,No,2,4,4,2,3,3,3,9.2,3.4,2.7,3.0,1.1,0,No
598,2,7,20141101,20251001,50,Male,Single,4,Life Sciences,Travel_Rarely,25,3,10570,19,0,Yes,3,2,2,2,4,3,2,14.1,11.8,4.9,10.4,1.7,3,Yes
599,2,4,20180101,,49,Male,Single,4,Medical,Travel_Rarely,12,3,8190,23,0,No,3,1,4,2,4,3,0,10.5,8.7,8.3,4.4,8.1,1,No
600,3,9,20260701,,60,Male,Divorced,5,Technical Degree,Travel_Rarely,1,1,4040,22,0,No,3,2,4,3,3,3,3,1.4,0.2,0.0,0.2,0.2,4,No
601,2,6,20210201,,27,Female,Married,2,Human Resources,Travel_Rarely,8,2,5330,25,0,No,3,1,3,3,4,3,4,8.2,5.6,4.8,2.0,4.2,4,No
602,1,3,20201101,,35,Male,Single,2,Marketing,Travel_Frequently,29,1,2950,14,1,Yes,2,2,3,3,4,3,4,5.9,5.8,3.4,0.7,1.6,3,No
603,3,9,20190301,20210801,31,Male,Married,4,Medical,Travel_Rarely,12,3,7640,22,0,No,3,1,2,2,2,3,0,8.3,7.5,3.8,1.7,4.3,5,Yes
604,2,4,20210801,,29,Female,Married,4,Life Sciences,Travel_Rarely,29,3,8180,17,0,No,1,4,3,1,3,3,2,10.0,5.1,0.2,3.7,3.7,5,No
605,2,7,20170501,,27,Male,Single,2,Medical,Travel_Rarely,29,4,17560,25,1,No,3,3,4,3,3,3,4,10.3,9.4,2.2,7.6,2.5,3,No
606,3,10,20260301,,49,Female,Married,4,Marketing,Travel_Frequently,4,1,2690,11,0,No,3,4,1,3,4,3,0,2.1,0.5,0.1,0.4,0.2,5,No
607,1,1,20210401,,54,Male,Divorced,4,Medical,Travel_Rarely,3,2,5450,13,2,No,1,3,4,2,4,3,1,12.8,5.5,2.8,3.3,4.9,0,No
608,3,10,20241101,20250601,49,Male,Married,4,Other,Travel_Rarely,2,3,9870,23,1,No,1,4,1,2,4,3,6,7.8,1.9,0.6,0.3,0.5,4,Yes
609,2,8,20120701,,27,Female,Divorced,3,Other,Travel_Rarely,4,2,5300,13,0,No,3,3,3,3,3,4,2,20.2,14.2,8.6,10.2,14.0,0,No
610,2,5,20150401,20220701,53,Male,Married,3,Technical Degree,Travel_Frequently,13,1,3660,16,1,No,2,1,3,2,3,3,2,15.0,11.5,0.3,6.9,0.0,4,Yes
611,2,6,20180301,20190901,24,Female,Married,4,Medical,Travel_Rarely,14,2,4600,11,2,No,3,4,4,3,2,3,3,14.3,8.5,4.7,0.3,4.0,6,Yes
612,2,7,20201001,,37,Male,Divorced,4,Human Resources,Travel_Rarely,30,1,3330,22,2,Yes,3,1,2,2,1,3,3,11.0,6.0,1.6,5.1,1.1,4,No
613,1,3,20210301,,54,Female,Married,2,Marketing,Travel_Rarely,7,5,18960,11,2,Yes,2,4,3,3,4,3,6,12.5,5.5,4.2,0.7,4.0,6,No
614,1,3,20140601,,46,Male,Divorced,3,Other,Travel_Rarely,16,2,6600,15,2,No,3,4,3,4,1,3,0,17.8,12.3,3.6,11.8,11.2,0,No
615,3,9,20230801,20240701,53,Male,Married,4,Marketing,Travel_Rarely,21,4,13370,14,3,Yes,3,2,3,3,4,3,0,6.8,3.1,2.6,0.2,2.1,5,Yes
616,1,2,20160301,,26,Male,Divorced,3,Human Resources,Travel_Rarely,3,1,4480,14,0,No,3,4,1,3,1,3,1,16.4,10.6,8.3,5.8,6.4,0,No
617,3,10,20150601,,53,Female,Married,2,Technical Degree,Non-Travel,6,1,3480,16,2,Yes,2,1,3,4,2,3,0,18.2,11.3,8.8,8.1,5.9,3,No
618,2,8,20170501,,37,Female,Divorced,5,Life Sciences,Travel_Frequently,5,1,2490,20,0,No,2,3,4,2,3,3,4,16.7,9.4,8.3,6.4,3.7,3,No
619,2,6,20230201,,22,Male,Married,2,Medical,Travel_Rarely,11,1,4010,24,1,No,2,3,4,1,3,3,3,11.1,3.6,2.2,1.8,0.3,6,No
620,2,8,20240701,,46,Female,Married,1,Other,Travel_Frequently,28,2,4880,14,0,No,3,3,4,3,3,3,0,3.1,2.2,0.3,1.7,0.0,0,No
621,2,4,20180901,,27,Male,Single,4,Marketing,Travel_Rarely,28,3,7980,14,3,No,4,2,4,2,2,3,0,8.5,8.1,3.5,4.5,3.5,6,No
622,2,8,20140401,,33,Female,Married,3,Medical,Travel_Rarely,24,1,2950,16,1,Yes,3,3,1,3,3,3,5,18.3,12.4,6.6,5.1,2.6,6,No
623,3,10,20130701,,32,Male,Divorced,5,Technical Degree,Travel_Rarely,20,2,5660,19,1,No,3,4,4,3,4,3,5,19.7,13.2,5.3,7.9,7.6,4,No
624,3,9,20190301,,44,Female,Divorced,3,Human Resources,Travel_Rarely,28,1,2730,14,0,Yes,4,4,2,3,4,3,4,12.0,7.5,2.2,5.8,6.7,4,No
625,1,1,20120401,,47,Male,Divorced,2,Technical Degree,Travel_Rarely,7,4,12550,14,0,No,3,4,4,4,3,3,3,15.3,14.4,11.0,14.0,0.4,4,No
626,2,5,20230601,,21,Female,Married,2,Other,Travel_Frequently,5,3,6670,19,1,No,3,2,4,3,3,3,6,10.5,3.3,1.9,1.4,0.1,0,No
627,2,4,20230501,20230701,21,Female,Married,4,Life Sciences,Non-Travel,27,1,2790,23,2,Yes,4,2,4,4,4,3,6,9.5,3.4,2.7,1.1,1.1,6,Yes
628,3,9,20240101,,48,Female,Married,5,Life Sciences,Travel_Rarely,20,5,18350,24,0,No,4,3,1,3,1,3,5,9.4,2.7,2.1,1.4,0.2,0,No
629,2,6,20141201,,24,Female,Married,4,Medical,Non-Travel,12,1,3870,18,1,Yes,3,1,4,4,4,3,1,13.4,11.8,6.9,5.2,4.9,3,No
630,3,10,20150801,,29,Female,Single,4,Human Resources,Travel_Rarely,30,3,8690,15,0,No,4,4,2,4,2,3,1,16.9,11.1,9.2,10.2,10.2,0,No
631,2,6,20170801,20191101,43,Male,Single,5,Marketing,Travel_Frequently,30,1,3190,12,0,Yes,3,4,4,2,3,3,6,10.0,9.1,5.0,0.7,0.1,2,Yes
632,2,4,20200901,,49,Male,Divorced,3,Human Resources,Non-Travel,13,1,3190,24,0,Yes,2,4,2,2,2,3,0,10.7,6.0,4.4,1.0,3.5,3,No
633,1,3,20220601,,50,Female,Divorced,2,Human Resources,Travel_Rarely,27,2,5340,17,0,Yes,3,4,3,3,3,3,6,4.9,4.3,3.6,2.7,3.8,3,No
634,2,4,20190701,,55,Male,Single,2,Human Resources,Non-Travel,26,2,7780,21,0,No,3,4,3,3,3,4,5,10.5,7.2,2.4,4.1,3.2,1,No
635,3,9,20230601,,30,Male,Married,3,Life Sciences,Travel_Rarely,3,3,8360,16,1,No,3,1,2,3,4,3,2,4.0,3.3,2.8,0.6,2.1,6,No
636,1,2,20160501,,57,Male,Married,3,Human Resources,Travel_Rarely,14,2,5360,23,1,No,1,2,4,1,2,3,5,16.3,10.3,9.8,5.7,5.5,4,No
637,2,4,20210101,20250801,55,Female,Divorced,4,Human Resources,Travel_Frequently,20,2,5010,18,1,No,3,4,4,1,3,3,2,9.8,5.7,1.7,0.7,5.0,1,Yes
638,2,8,20111201,,45,Female,Single,4,Human Resources,Travel_Frequently,3,3,7500,18,1,No,3,3,1,3,4,3,0,16.3,14.8,13.8,6.7,5.6,5,No
639,1,3,20120301,,41,Male,Married,1,Other,Travel_Rarely,8,3,10180,24,0,No,4,3,3,3,3,3,5,18.8,14.5,9.9,0.0,9.3,0,No
640,3,9,20141101,,32,Female,Married,3,Marketing,Travel_Rarely,6,2,4520,13,1,No,3,4,4,4,2,4,6,14.9,11.8,7.0,2.3,4.2,4,No
641,3,10,20190401,20231001,27,Female,Married,3,Medical,Travel_Frequently,11,5,22900,14,2,No,2,3,4,3,2,4,1,8.9,7.4,5.6,5.3,6.9,4,Yes
642,2,6,20171201,,44,Male,Divorced,3,Technical Degree,Travel_Frequently,10,1,4430,14,0,No,3,4,4,4,1,3,3,16.4,8.8,4.9,0.1,2.8,3,No
643,1,3,20210501,,24,Male,Divorced,3,Other,Non-Travel,10,1,3070,22,0,No,3,2,3,3,4,3,2,7.6,5.4,0.2,4.5,1.1,6,No
644,2,6,20230401,,23,Male,Divorced,5,Marketing,Non-Travel,25,2,5920,20,1,No,4,4,3,3,3,3,6,9.0,3.4,2.2,0.4,3.2,6,No
645,2,5,20181101,,44,Male,Single,3,Human Resources,Travel_Frequently,14,1,3300,23,2,Yes,3,2,4,2,4,3,6,11.1,7.9,7.0,7.4,4.4,5,No
646,2,5,20180701,,55,Female,Divorced,3,Human Resources,Travel_Rarely,10,4,10250,12,2,No,3,2,1,4,4,3,1,14.6,8.2,2.6,5.8,5.0,6,No
647,2,4,20240101,,58,Male,Single,2,Medical,Travel_Rarely,17,2,4910,12,0,Yes,2,3,3,3,3,3,2,9.1,2.7,2.3,0.2,0.0,1,No
648,2,4,20200201,20201101,48,Female,Divorced,4,Technical Degree,Travel_Frequently,23,2,5290,14,3,Yes,1,2,4,3,4,3,4,11.7,6.6,1.0,0.0,2.4,1,Yes
649,1,3,20120801,,33,Male,Divorced,4,Life Sciences,Travel_Rarely,16,3,8170,13,2,Yes,3,4,4,2,2,3,1,14.8,14.1,5.3,0.1,1.3,3,No
650,2,6,20131101,20180901,56,Female,Married,3,Medical,Travel_Frequently,24,4,13120,19,0,No,2,1,4,3,4,3,6,20.4,12.9,4.2,8.0,6.6,1,Yes
651,2,4,20220601,20240801,49,Male,Divorced,3,Other,Travel_Frequently,30,3,11310,22,0,No,2,4,1,2,3,3,4,12.0,4.3,4.0,1.4,0.7,1,Yes
652,2,4,20200901,,57,Male,Married,5,Human Resources,Travel_Rarely,26,1,2230,11,1,No,2,2,4,3,3,3,3,9.4,6.1,3.0,3.9,4.5,1,No
653,3,10,20161001,20201201,58,Female,Single,3,Medical,Travel_Frequently,30,1,2000,16,0,No,4,4,3,2,1,3,3,10.6,10.0,0.6,2.5,9.0,0,Yes
654,2,7,20200901,,24,Male,Single,4,Life Sciences,Travel_Rarely,17,2,5630,21,0,No,3,4,3,3,2,3,3,12.1,6.0,2.9,4.9,4.1,3,No
655,1,1,20171201,,33,Male,Married,3,Marketing,Travel_Rarely,12,1,3430,25,3,No,2,4,3,2,4,4,0,14.0,8.8,7.2,7.5,5.0,5,No
656,1,1,20150301,,26,Female,Single,3,Technical Degree,Travel_Frequently,3,2,7050,12,1,Yes,2,3,3,3,1,3,3,13.1,11.6,7.1,2.3,0.1,6,No
657,2,8,20130101,,47,Female,Divorced,2,Medical,Non-Travel,6,2,6020,16,1,Yes,4,4,4,2,3,3,0,19.9,13.7,9.2,1.6,5.2,0,No
658,2,4,20111101,,48,Female,Married,3,Medical,Non-Travel,25,1,3260,12,0,No,3,4,3,2,2,3,4,16.3,14.9,9.7,9.9,4.5,5,No
659,1,3,20130501,20190801,30,Female,Married,1,Medical,Travel_Frequently,3,3,12040,22,1,No,3,1,4,3,1,3,3,14.9,13.4,11.3,13.3,4.7,3,Yes
660,2,4,20171201,,48,Female,Divorced,3,Marketing,Travel_Frequently,25,1,3210,18,3,Yes,3,3,2,2,3,3,0,11.3,8.8,8.1,1.9,0.2,4,No
661,2,8,20210701,,26,Female,Married,1,Human Resources,Travel_Rarely,9,1,3790,11,0,No,3,2,2,2,3,4,0,6.2,5.2,4.5,2.8,4.9,3,No
662,3,10,20180501,20200901,49,Female,Married,4,Marketing,Travel_Frequently,8,3,7010,13,2,Yes,2,3,1,3,4,3,3,11.9,8.4,5.7,8.4,3.1,4,Yes
663,1,1,20240801,,47,Male,Single,3,Technical Degree,Travel_Frequently,22,1,2230,12,3,No,3,3,2,1,3,3,0,6.0,2.1,0.9,0.1,0.0,3,No
664,2,6,20200601,,26,Male,Married,5,Marketing,Non-Travel,19,1,2560,24,1,No,3,3,3,2,1,3,1,10.2,6.3,1.3,2.5,0.7,0,No
665,2,4,20161101,,59,Female,Single,5,Technical Degree,Travel_Rarely,27,4,13800,15,0,Yes,3,2,2,3,4,3,0,17.0,9.9,4.3,1.5,3.5,0,No
666,2,8,20111201,,50,Male,Married,1,Life Sciences,Travel_Rarely,25,3,8560,22,0,No,1,2,4,1,4,3,6,16.9,14.8,3.5,11.4,8.2,4,No
667,1,1,20171001,,58,Female,Divorced,4,Human Resources,Travel_Rarely,19,1,2530,22,0,No,3,3,1,2,2,3,0,15.2,8.9,4.7,4.4,2.0,3,No
668,2,4,20150201,,35,Male,Married,2,Technical Degree,Travel_Rarely,1,3,9560,15,0,Yes,3,4,4,1,3,3,4,17.0,11.6,6.9,6.8,10.6,6,No
669,1,3,20111101,,27,Male,Married,4,Life Sciences,Travel_Frequently,29,4,13520,21,1,No,3,3,3,4,3,4,0,20.2,14.9,0.4,12.0,9.4,0,No
670,2,8,20250101,20250301,22,Female,Divorced,1,Human Resources,Travel_Rarely,4,4,11370,16,1,No,3,2,4,4,3,4,1,9.5,1.7,1.6,1.5,0.5,4,Yes
671,2,5,20240701,,55,Male,Married,3,Technical Degree,Travel_Rarely,3,3,10180,18,1,No,3,4,3,3,4,3,2,8.8,2.2,0.4,0.4,1.2,5,No
672,3,10,20210701,20240301,51,Male,Married,3,Life Sciences,Non-Travel,14,4,11870,21,0,Yes,3,4,4,3,2,3,3,10.9,5.2,1.3,4.1,4.1,2,Yes
673,3,10,20130201,,46,Male,Married,1,Other,Travel_Rarely,24,2,6570,15,0,Yes,3,2,2,3,2,4,3,21.1,13.7,9.6,3.9,8.4,4,No
674,2,7,20210901,20260501,38,Male,Single,5,Human Resources,Travel_Frequently,5,2,5670,13,3,No,3,3,3,3,3,3,0,7.2,5.1,2.0,3.6,1.2,2,Yes
675,1,2,20130301,,58,Male,Married,4,Other,Non-Travel,7,2,6140,14,0,No,2,3,1,2,4,3,3,18.6,13.5,2.2,11.1,2.8,1,No
676,2,5,20240601,,40,Female,Single,2,Marketing,Non-Travel,19,3,8500,18,2,No,3,4,4,3,2,3,2,5.7,2.3,1.5,2.0,1.6,4,No
677,3,9,20230501,,23,Male,Married,4,Technical Degree,Travel_Frequently,27,1,2760,15,1,No,3,3,4,2,4,3,0,4.1,3.3,0.3,0.9,1.7,4,No
678,2,5,20240801,20260101,53,Female,Divorced,4,Marketing,Non-Travel,20,2,6090,13,0,Yes,3,3,3,3,3,3,0,4.7,2.1,1.2,2.1,1.7,2,Yes
679,1,2,20140301,,48,Male,Single,3,Human Resources,Travel_Rarely,4,1,3060,18,0,No,1,4,3,4,2,4,5,19.0,12.5,2.6,3.9,5.1,2,No
680,2,5,20140301,,45,Female,Divorced,4,Marketing,Travel_Rarely,1,4,13570,16,0,No,3,4,2,4,3,3,3,17.5,12.6,5.4,5.2,4.1,2,No
681,2,4,20180501,20200601,33,Male,Married,3,Medical,Travel_Rarely,14,1,3830,20,1,No,2,1,4,3,2,3,5,10.5,8.4,3.4,3.2,1.1,1,Yes
682,2,8,20170801,,48,Female,Divorced,3,Other,Travel_Rarely,23,1,3710,25,3,No,3,4,3,3,3,3,0,10.2,9.1,2.9,0.6,0.3,6,No
683,3,9,20171001,20190201,21,Male,Married,3,Human Resources,Travel_Rarely,20,2,7420,25,2,No,3,4,3,2,2,3,0,12.8,9.0,4.5,5.0,1.8,0,Yes
684,1,3,20151201,20190801,24,Male,Divorced,3,Marketing,Travel_Frequently,2,2,4610,24,1,No,3,2,3,2,2,3,6,13.5,10.8,4.6,7.5,7.9,6,Yes
685,2,5,20170101,,44,Female,Single,4,Life Sciences,Non-Travel,7,1,3440,25,1,No,3,4,3,3,4,3,5,11.7,9.7,6.3,2.8,4.5,4,No
686,1,2,20200101,,49,Female,Married,3,Medical,Travel_Frequently,18,3,9270,24,0,No,3,4,4,1,4,3,1,11.9,6.7,4.5,1.1,1.1,3,No
687,1,1,20171201,,37,Female,Divorced,2,Other,Travel_Frequently,9,1,3890,11,0,No,4,4,3,2,1,4,4,13.7,8.8,7.0,2.0,6.3,3,No
688,2,5,20200501,,53,Male,Married,5,Marketing,Non-Travel,18,2,3830,16,1,Yes,3,3,3,3,1,3,3,8.3,6.3,5.8,6.0,1.6,5,No
689,2,6,20150501,,36,Male,Single,3,Human Resources,Travel_Rarely,14,2,5840,23,1,No,1,4,2,3,2,3,4,15.5,11.4,2.9,6.1,4.4,2,No
690,1,3,20130301,20161101,37,Female,Single,4,Life Sciences,Travel_Frequently,27,1,2020,18,0,No,2,3,1,4,4,3,1,17.8,13.5,13.0,9.6,2.4,3,Yes
691,3,10,20130901,,34,Male,Divorced,5,Human Resources,Non-Travel,8,1,3850,18,0,Yes,2,4,3,3,3,3,0,17.6,13.1,2.8,1.9,0.6,6,No
692,2,7,20220501,,28,Male,Divorced,4,Life Sciences,Travel_Frequently,10,2,5960,21,3,No,3,4,4,2,4,3,1,7.3,4.3,3.4,1.2,3.9,4,No
693,2,4,20240601,20250401,41,Female,Married,3,Human Resources,Travel_Frequently,30,2,6450,22,1,Yes,3,1,1,3,3,4,6,2.6,2.3,0.5,1.8,0.0,5,Yes
694,1,2,20191201,,25,Male,Divorced,5,Technical Degree,Travel_Frequently,1,2,3330,12,0,No,3,4,2,3,1,3,1,13.7,6.8,4.8,4.8,6.1,2,No
695,2,4,20230701,,48,Female,Divorced,3,Medical,Travel_Rarely,26,1,2530,25,1,Yes,2,3,4,3,4,3,3,6.2,3.2,2.3,1.8,1.3,0,No
696,3,10,20131101,,48,Male,Married,4,Technical Degree,Travel_Frequently,5,3,9290,16,1,No,4,3,3,4,3,3,0,16.5,12.9,4.9,8.9,3.1,0,No
697,1,1,20180701,,57,Female,Single,4,Life Sciences,Travel_Rarely,3,1,2970,23,0,No,3,4,3,2,1,3,3,10.9,8.2,2.6,7.9,3.8,3,No
698,2,7,20151201,,38,Male,Single,4,Medical,Travel_Rarely,12,1,3950,24,1,Yes,3,3,4,1,3,3,2,13.5,10.8,6.3,4.9,8.8,0,No
699,1,3,20260401,20260501,29,Female,Married,4,Life Sciences,Travel_Frequently,14,1,3710,15,2,Yes,3,2,2,3,2,3,5,8.0,0.5,0.0,0.3,0.1,6,Yes
700,1,2,20160701,,52,Male,Single,3,Other,Travel_Frequently,26,1,4150,12,0,No,3,3,4,4,1,3,4,12.1,10.2,1.4,4.3,4.0,0,No
701,2,8,20250901,,27,Male,Married,3,Medical,Travel_Frequently,5,1,3750,16,1,Yes,1,3,4,4,3,4,0,7.1,1.1,0.3,0.9,0.9,4,No
702,3,9,20131201,,41,Female,Single,2,Other,Travel_Rarely,5,1,3460,18,2,No,3,4,4,3,3,3,6,17.0,12.8,5.3,7.1,2.7,3,No
703,2,5,20251101,20260701,55,Male,Single,4,Other,Travel_Rarely,22,2,4740,23,2,Yes,3,2,4,4,2,4,4,3.0,0.9,0.0,0.3,0.5,3,Yes
704,2,5,20220401,,55,Female,Single,3,Other,Travel_Frequently,17,1,4670,13,0,Yes,2,4,4,3,4,3,2,9.1,4.4,1.0,3.2,1.1,1,No
705,2,6,20250701,,42,Male,Married,5,Technical Degree,Travel_Rarely,19,3,6910,16,3,Yes,2,1,3,2,1,4,3,4.3,1.2,0.5,0.4,0.1,0,No
706,1,2,20240701,,26,Male,Married,5,Human Resources,Travel_Frequently,22,3,7440,13,0,No,1,4,3,2,4,4,5,7.0,2.2,1.5,0.3,1.8,5,No
707,1,3,20190801,,21,Male,Divorced,2,Medical,Travel_Rarely,14,3,9770,16,0,No,3,2,4,4,3,3,0,13.4,7.1,6.4,2.5,6.8,2,No
708,3,10,20150801,,42,Male,Married,1,Marketing,Travel_Rarely,30,3,8920,21,0,No,1,2,4,1,1,3,4,11.9,11.1,4.9,2.1,1.4,5,No
709,2,5,20200601,,21,Male,Divorced,2,Human Resources,Travel_Rarely,25,1,2960,12,3,Yes,4,2,3,4,4,3,4,9.1,6.3,5.9,5.5,2.7,6,No
710,2,6,20250101,,57,Female,Single,3,Life Sciences,Travel_Rarely,13,4,16070,25,2,No,1,3,4,3,1,3,0,2.0,1.7,0.7,0.8,1.6,1,No
711,3,9,20131101,20220901,38,Male,Divorced,4,Medical,Travel_Rarely,1,2,5610,16,0,No,2,3,4,1,2,3,6,19.7,12.9,4.0,9.0,12.7,2,Yes
712,1,3,20130801,20251001,39,Male,Married,3,Human Resources,Travel_Rarely,8,4,8480,12,0,No,3,3,3,4,4,3,1,13.6,13.1,2.4,12.4,9.2,1,Yes
713,3,9,20240101,,47,Female,Single,2,Life Sciences,Travel_Rarely,22,5,21630,25,3,No,3,4,3,4,4,3,0,3.4,2.7,1.1,0.6,0.4,4,No
714,2,7,20210401,,40,Male,Married,3,Life Sciences,Non-Travel,12,1,2930,15,1,No,3,1,3,1,3,3,5,8.9,5.5,4.4,1.0,0.0,2,No
715,2,4,20221101,20260401,56,Male,Single,3,Medical,Travel_Frequently,17,2,6840,21,0,No,2,1,1,3,3,3,2,4.7,3.9,3.1,2.8,0.7,4,Yes
716,2,6,20240701,,57,Female,Divorced,2,Technical Degree,Travel_Rarely,8,3,7180,22,1,No,2,3,3,4,3,3,6,5.3,2.2,1.1,1.6,1.7,1,No
717,2,5,20150201,,42,Female,Single,2,Other,Travel_Rarely,20,1,4640,13,1,Yes,2,2,2,3,2,3,1,12.7,11.6,8.4,5.5,0.0,1,No
718,3,9,20220401,,28,Male,Married,3,Marketing,Non-Travel,7,1,2490,22,1,No,2,1,4,3,4,3,1,10.1,4.5,3.0,3.3,3.3,0,No
719,2,4,20250801,20260801,23,Male,Divorced,3,Life Sciences,Travel_Rarely,26,4,10590,17,3,No,2,3,1,1,1,3,0,4.4,1.1,0.4,0.0,1.1,4,Yes
720,1,2,20230201,20230601,51,Female,Married,1,Human Resources,Travel_Rarely,27,2,5900,15,0,No,3,2,3,4,2,3,0,8.4,3.7,3.5,0.8,3.5,3,Yes
721,2,6,20250901,20260501,46,Female,Married,3,Technical Degree,Travel_Frequently,12,1,2980,15,0,No,1,4,3,2,2,3,4,4.1,1.0,0.7,0.9,0.1,5,Yes
722,2,6,20160601,,21,Female,Divorced,3,Human Resources,Non-Travel,10,1,4150,23,0,No,2,4,2,3,3,3,6,11.8,10.3,8.7,4.0,4.5,1,No
723,3,9,20130401,,53,Male,Divorced,3,Other,Travel_Rarely,24,3,10290,21,0,No,2,3,4,4,4,4,1,21.0,13.4,8.3,9.9,12.5,2,No
724,1,3,20210201,,44,Male,Married,3,Human Resources,Non-Travel,23,3,9550,19,1,No,1,4,2,4,4,3,1,7.7,5.6,1.1,4.6,4.5,5,No
725,2,5,20200801,20231201,52,Female,Married,3,Technical Degree,Travel_Rarely,8,2,6290,17,3,No,3,3,4,1,2,3,1,11.9,6.1,5.8,5.6,2.0,0,Yes
726,2,6,20121001,,22,Male,Divorced,5,Marketing,Travel_Rarely,5,4,12900,20,0,No,2,3,1,4,1,4,6,21.3,14.0,4.3,1.2,4.8,2,No
727,2,6,20200301,,58,Male,Married,3,Medical,Travel_Rarely,29,2,6780,25,0,Yes,3,1,3,2,4,3,1,6.9,6.5,4.3,1.7,3.5,5,No
728,1,1,20221101,,55,Male,Married,4,Human Resources,Travel_Frequently,18,1,3870,16,2,Yes,3,4,2,4,3,3,0,4.9,3.8,0.5,1.4,2.1,2,No
729,2,8,20221201,,24,Male,Married,4,Medical,Travel_Frequently,29,1,3730,13,1,No,3,2,2,3,1,4,3,10.8,3.8,3.5,2.6,2.6,5,No
730,2,6,20180501,,30,Female,Divorced,1,Life Sciences,Travel_Rarely,22,1,2840,15,0,Yes,3,4,2,3,3,3,1,10.9,8.3,4.3,8.2,0.3,4,No
731,1,2,20150701,20250801,34,Female,Divorced,4,Other,Travel_Rarely,23,3,9600,20,1,Yes,3,3,3,2,2,3,4,19.1,11.2,10.2,2.2,2.2,4,Yes
732,2,4,20160901,,36,Male,Single,4,Medical,Non-Travel,12,3,10680,24,2,No,4,4,2,2,3,3,1,11.8,10.0,6.2,8.9,6.0,0,No
733,1,2,20130101,,24,Female,Single,2,Human Resources,Travel_Frequently,13,1,3610,16,1,Yes,4,4,2,4,3,3,6,17.7,13.7,13.1,10.5,11.1,1,No
734,2,8,20151201,,48,Female,Divorced,4,Marketing,Travel_Frequently,5,1,3610,22,1,Yes,3,4,2,4,3,4,1,12.4,10.8,4.8,2.8,1.6,6,No
735,1,3,20180301,,32,Male,Divorced,3,Marketing,Travel_Rarely,29,3,6890,24,2,No,1,3,3,2,3,3,2,10.0,8.5,7.6,8.4,2.9,0,No
736,1,1,20231201,,52,Female,Single,5,Human Resources,Travel_Frequently,6,1,2510,23,0,No,3,3,4,3,3,3,1,8.0,2.8,0.9,0.0,1.8,2,No
737,1,1,20220901,,44,Female,Married,2,Human Resources,Travel_Rarely,3,4,11650,11,1,No,3,3,3,4,3,3,5,11.5,4.0,2.6,1.5,1.7,3,No
738,1,3,20221101,,24,Female,Single,1,Medical,Travel_Rarely,5,1,3710,15,0,No,2,2,4,4,3,3,5,7.4,3.9,0.6,0.1,2.4,4,No
739,2,7,20150801,,23,Female,Single,2,Life Sciences,Non-Travel,21,3,7150,20,3,No,3,3,3,3,4,4,1,18.2,11.1,2.6,8.9,10.9,5,No
740,2,5,20180101,,33,Male,Divorced,4,Life Sciences,Travel_Rarely,11,1,3330,11,0,Yes,3,3,1,2,4,3,6,11.3,8.7,1.6,8.3,5.8,2,No
741,2,8,20230701,20251101,39,Female,Single,1,Other,Travel_Frequently,16,2,3630,25,3,No,3,2,4,3,4,3,5,6.6,3.2,1.8,1.3,1.0,2,Yes
742,2,4,20251001,20260501,43,Female,Divorced,3,Medical,Travel_Frequently,15,4,10070,20,1,Yes,2,4,2,2,3,3,1,5.6,0.9,0.3,0.2,0.4,5,Yes
743,2,6,20220101,,28,Male,Divorced,3,Medical,Travel_Frequently,20,3,8680,16,3,No,3,3,2,2,2,4,2,8.1,4.7,1.1,0.4,1.5,2,No
744,2,5,20131101,20150101,37,Male,Married,2,Human Resources,Travel_Frequently,9,2,4140,14,1,Yes,2,3,1,3,4,3,5,20.3,12.9,7.6,9.7,3.1,1,Yes
745,3,10,20211001,,42,Female,Single,4,Human Resources,Travel_Rarely,30,1,3260,25,2,Yes,3,1,2,4,4,3,4,12.9,5.0,3.3,2.7,3.9,2,No
746,3,9,20170501,,43,Male,Married,4,Other,Non-Travel,1,1,3240,17,2,Yes,3,1,4,2,1,3,1,12.3,9.3,4.4,5.4,8.0,5,No
747,1,2,20190301,,29,Male,Single,4,Other,Travel_Rarely,11,3,10400,17,3,No,1,3,2,1,4,3,1,14.5,7.6,6.6,4.0,4.5,1,No
748,2,6,20140701,,46,Female,Single,2,Life Sciences,Travel_Frequently,6,3,8060,11,2,No,2,3,2,3,3,3,1,16.6,12.2,0.6,2.5,10.9,1,No
749,3,10,20120101,20200501,47,Female,Divorced,1,Life Sciences,Travel_Frequently,2,3,10410,18,0,Yes,2,3,2,1,2,3,3,17.2,14.7,10.4,2.1,12.6,1,Yes
750,1,1,20170301,20190901,31,Male,Divorced,5,Human Resources,Travel_Frequently,6,1,3650,13,1,Yes,2,1,1,3,4,3,6,12.7,9.6,1.7,7.2,7.0,0,Yes
751,2,4,20231101,,37,Female,Married,2,Technical Degree,Travel_Rarely,14,2,4230,16,0,Yes,3,2,3,2,1,4,0,8.2,2.8,1.2,1.3,2.6,1,No
752,3,9,20200701,20250401,37,Female,Single,1,Medical,Travel_Rarely,26,3,6870,25,2,No,2,4,4,3,2,3,2,11.9,6.2,5.9,0.8,0.8,2,Yes
753,2,5,20151201,,55,Female,Divorced,4,Life Sciences,Travel_Rarely,27,4,13670,16,1,No,2,4,3,3,3,3,0,15.9,10.8,7.5,3.5,2.8,4,No
754,1,2,20130701,,32,Male,Married,1,Human Resources,Travel_Rarely,17,1,3120,14,1,No,3,3,4,1,2,3,5,19.5,13.2,4.5,5.2,7.0,0,No
755,1,2,20181101,20221201,54,Female,Divorced,3,Life Sciences,Travel_Rarely,29,1,3900,18,0,No,1,3,2,2,1,4,0,15.8,7.9,4.4,6.4,5.9,4,Yes
756,1,3,20221001,20231201,59,Female,Divorced,3,Life Sciences,Travel_Rarely,15,1,2290,24,0,Yes,2,3,3,2,4,3,1,5.4,4.0,3.6,3.8,3.0,5,Yes
757,2,4,20160901,,21,Male,Single,3,Marketing,Travel_Rarely,19,1,2190,11,2,No,3,3,3,2,3,4,3,17.0,10.0,8.3,3.0,8.4,1,No
758,2,8,20170901,,52,Female,Divorced,5,Other,Travel_Rarely,8,2,5890,18,1,Yes,3,2,3,2,3,4,5,12.4,9.0,5.9,1.4,7.9,2,No
759,1,3,20230201,,59,Male,Single,3,Other,Travel_Rarely,2,1,3240,17,0,Yes,2,4,4,3,2,3,6,4.8,3.6,1.0,0.3,3.3,2,No
760,1,3,20201101,20220801,23,Female,Married,3,Life Sciences,Travel_Rarely,4,2,3960,24,0,Yes,2,3,4,3,2,3,1,10.9,5.9,0.2,3.9,2.0,0,Yes
761,1,2,20111001,,32,Male,Married,3,Other,Travel_Rarely,18,2,5860,20,0,No,2,3,1,2,2,3,3,22.3,15.0,1.7,5.6,2.3,6,No
762,1,1,20150601,,45,Male,Divorced,5,Human Resources,Travel_Frequently,13,1,3030,24,0,No,2,4,3,3,2,3,2,14.8,11.3,5.9,2.8,3.5,0,No
763,2,7,20191001,,30,Male,Single,2,Medical,Travel_Frequently,4,2,3470,23,2,Yes,4,1,4,3,4,3,1,12.4,6.9,0.3,1.1,1.7,4,No
764,3,10,20220301,20251001,38,Male,Divorced,3,Medical,Travel_Rarely,24,1,3120,11,0,No,3,2,2,2,3,3,3,5.5,4.6,2.5,0.3,4.0,0,Yes
765,1,1,20210501,,41,Male,Married,4,Medical,Travel_Frequently,20,3,8560,18,0,Yes,3,2,3,3,2,3,3,9.8,5.4,0.0,1.9,3.7,6,No
766,2,4,20151001,20210701,53,Female,Divorced,3,Medical,Travel_Frequently,30,3,7950,17,0,No,3,2,3,4,1,4,5,14.2,10.9,8.1,5.5,6.9,1,Yes
767,1,3,20140701,,33,Male,Divorced,2,Human Resources,Travel_Rarely,24,2,4440,22,3,No,1,4,3,3,3,3,3,19.0,12.2,8.9,2.7,11.0,5,No
768,3,10,20111201,,31,Male,Divorced,3,Human Resources,Travel_Rarely,14,4,17910,22,0,Yes,4,3,4,3,3,3,4,21.3,14.8,3.7,1.1,1.9,5,No
769,1,1,20170901,,30,Female,Married,4,Marketing,Non-Travel,11,1,2460,13,0,No,2,2,3,3,4,3,6,13.3,9.0,6.9,5.5,3.2,1,No
770,3,10,20121001,,22,Female,Married,3,Other,Travel_Rarely,13,2,5440,19,2,No,3,4,3,3,3,4,3,17.2,13.9,8.2,13.9,0.9,2,No
771,1,2,20240201,,53,Male,Divorced,4,Human Resources,Travel_Rarely,13,2,2170,15,2,No,3,2,2,3,2,3,5,5.9,2.6,0.6,2.2,1.3,6,No
772,1,1,20230701,20260401,41,Male,Single,2,Life Sciences,Non-Travel,18,2,4800,15,0,Yes,2,2,3,3,3,4,0,10.9,3.2,0.1,1.3,1.8,6,Yes
773,2,5,20201001,,55,Male,Divorced,4,Human Resources,Travel_Rarely,5,2,5390,11,0,No,3,4,4,3,3,4,6,12.7,6.0,4.5,0.6,2.1,4,No
774,2,4,20201001,20220201,22,Female,Married,2,Marketing,Travel_Frequently,10,2,5620,19,2,No,4,4,4,3,2,4,6,12.0,5.9,1.1,2.6,3.2,6,Yes
775,2,4,20200701,,48,Female,Divorced,1,Life Sciences,Travel_Frequently,13,3,10380,25,0,No,4,2,4,3,4,3,4,13.6,6.2,1.9,6.0,0.8,2,No
776,3,10,20170201,,59,Female,Married,3,Medical,Travel_Rarely,7,2,5140,15,0,No,1,3,3,3,3,3,0,15.7,9.6,1.8,8.2,1.2,2,No
777,2,4,20210601,,59,Female,Married,2,Medical,Travel_Rarely,24,1,2860,20,0,No,3,3,4,4,4,3,1,9.6,5.3,1.7,2.6,0.4,5,No
778,2,4,20200801,,30,Female,Married,3,Medical,Travel_Rarely,11,1,2110,20,1,No,2,4,1,4,1,3,2,10.5,6.2,3.4,1.5,2.1,4,No
779,2,6,20250601,20260501,60,Male,Married,2,Life Sciences,Travel_Rarely,10,1,2930,23,0,Yes,3,3,4,3,1,3,2,5.5,1.3,0.8,0.5,0.8,3,Yes
780,2,5,20130201,,57,Female,Single,3,Marketing,Travel_Rarely,17,1,3500,23,0,Yes,2,4,3,3,2,4,1,15.2,13.6,4.5,6.6,7.3,4,No
781,3,9,20151201,,32,Male,Married,3,Medical,Non-Travel,6,3,6070,14,3,Yes,3,3,4,3,1,3,5,12.3,10.7,3.1,5.9,2.0,0,No
782,2,8,20151101,,33,Female,Married,3,Technical Degree,Travel_Frequently,10,3,10070,13,1,Yes,3,4,3,3,4,3,4,14.3,10.8,4.1,1.8,8.7,4,No
783,3,10,20140301,,22,Male,Single,3,Life Sciences,Travel_Frequently,23,1,3870,21,1,No,4,2,2,2,4,3,6,15.2,12.5,2.8,0.2,11.3,2,No
784,3,10,20180501,,50,Female,Married,3,Medical,Travel_Frequently,5,3,9550,24,1,No,2,1,4,3,3,3,2,15.0,8.4,7.5,2.8,6.0,5,No
785,1,2,20130101,20171201,29,Female,Divorced,2,Human Resources,Travel_Frequently,17,5,24570,23,0,Yes,4,3,4,2,4,4,2,21.0,13.7,6.2,1.1,0.2,0,Yes
786,1,1,20241001,20260301,34,Female,Married,2,Human Resources,Travel_Rarely,30,1,2730,24,0,No,3,4,4,4,3,3,0,6.5,1.9,1.2,1.9,1.6,6,Yes
787,3,10,20170201,20191101,24,Female,Married,3,Medical,Travel_Rarely,22,2,5510,18,3,No,1,4,2,2,3,3,0,17.0,9.6,5.6,2.1,7.6,0,Yes
788,3,10,20131001,20240301,26,Male,Single,2,Human Resources,Travel_Rarely,14,1,2230,19,0,Yes,3,1,3,2,2,3,0,20.9,13.0,4.0,8.4,4.1,1,Yes
789,2,4,20140901,20210501,46,Male,Married,4,Other,Travel_Rarely,12,2,4880,14,2,No,1,1,2,2,4,3,0,16.0,12.0,4.5,4.8,11.0,3,Yes
790,2,8,20180301,,36,Male,Divorced,4,Marketing,Non-Travel,10,5,18020,20,0,Yes,2,3,2,3,3,4,0,10.4,8.5,4.1,1.6,2.9,4,No
791,2,7,20141201,,47,Male,Married,3,Medical,Travel_Rarely,2,2,4680,16,1,No,2,3,4,4,3,3,5,12.5,11.8,9.5,3.0,9.6,2,No
792,1,1,20260601,,33,Male,Single,5,Technical Degree,Travel_Rarely,4,1,2000,15,1,Yes,3,3,3,3,4,3,6,2.4,0.3,0.1,0.1,0.0,4,No
793,2,7,20111101,,52,Female,Married,4,Other,Travel_Rarely,18,1,2720,15,2,No,3,3,4,2,4,3,1,21.8,14.9,9.3,10.3,0.1,5,No
794,1,3,20260301,20260501,52,Male,Married,4,Marketing,Travel_Frequently,25,3,7400,15,2,No,3,1,2,2,3,3,0,5.7,0.6,0.3,0.3,0.3,0,Yes
795,3,9,20150301,20210301,51,Female,Divorced,3,Other,Non-Travel,9,3,6810,12,3,Yes,3,3,3,3,1,3,3,13.4,11.6,2.7,4.7,8.8,3,Yes
796,1,3,20210601,,23,Female,Single,4,Other,Non-Travel,9,1,2710,11,1,No,3,3,4,1,2,3,3,12.5,5.3,3.2,3.8,1.9,6,No
797,3,9,20190901,20191201,25,Male,Divorced,4,Technical Degree,Travel_Frequently,1,3,6000,15,2,No,3,2,2,1,3,3,4,7.8,7.0,4.4,1.0,5.3,1,Yes
798,2,5,20120901,,34,Male,Married,2,Life Sciences,Travel_Rarely,2,1,3350,17,0,No,3,1,4,3,1,3,5,14.4,14.0,2.7,5.4,6.0,6,No
799,2,7,20140601,20260801,29,Male,Divorced,2,Marketing,Non-Travel,16,1,3640,11,2,Yes,2,3,2,3,3,3,0,17.0,12.3,0.1,5.7,7.4,0,Yes
800,2,7,20241201,20251001,57,Male,Divorced,3,Human Resources,Travel_Rarely,28,3,4710,22,0,No,2,3,3,3,4,3,6,7.0,1.8,0.9,0.3,0.0,6,Yes
801,2,5,20191101,,36,Female,Single,4,Medical,Non-Travel,13,1,3370,23,0,Yes,4,4,4,1,2,3,1,9.1,6.8,5.3,6.1,1.2,3,No
802,2,8,20220701,,32,Female,Divorced,3,Life Sciences,Travel_Rarely,3,2,6790,15,1,No,1,4,1,4,4,3,1,7.6,4.2,2.6,1.3,0.9,4,No
803,2,7,20240301,,23,Male,Single,3,Life Sciences,Travel_Frequently,18,5,17390,23,1,No,3,3,3,4,4,3,1,5.2,2.6,2.4,1.5,2.2,1,No
804,2,7,20160601,,24,Male,Divorced,3,Human Resources,Travel_Frequently,19,1,2300,15,1,Yes,3,1,2,1,3,3,4,12.4,10.3,5.3,2.4,8.5,4,No
805,2,4,20200501,20200801,46,Male,Single,5,Marketing,Travel_Rarely,4,5,16690,13,0,Yes,4,2,4,2,4,3,0,10.6,6.3,3.2,1.7,6.0,5,Yes
806,2,6,20260301,20260501,42,Male,Single,1,Medical,Travel_Frequently,15,1,3450,11,0,Yes,3,4,3,1,2,3,5,0.6,0.5,0.3,0.1,0.1,0,Yes
807,2,7,20220201,,57,Male,Single,4,Medical,Travel_Rarely,15,2,4560,22,0,No,3,4,1,4,4,3,6,12.1,4.6,3.4,2.7,2.4,2,No
808,1,1,20210901,,24,Male,Divorced,3,Human Resources,Non-Travel,4,1,3660,12,1,No,3,3,2,3,4,4,3,7.0,5.0,0.6,0.5,4.2,2,No
809,1,1,20220201,,33,Female,Divorced,2,Life Sciences,Travel_Rarely,19,1,2420,24,0,No,3,4,1,3,2,3,2,7.2,4.6,1.1,1.9,0.1,0,No
810,3,9,20160801,,26,Male,Single,3,Other,Non-Travel,17,4,11200,18,0,No,2,1,2,4,3,3,3,14.9,10.1,7.7,9.8,1.5,2,No
811,2,4,20230101,,43,Female,Single,3,Life Sciences,Travel_Rarely,18,2,6060,21,3,Yes,3,1,4,4,1,3,5,8.7,3.7,3.7,2.1,0.5,3,No
812,2,4,20240901,,24,Female,Married,1,Technical Degree,Travel_Rarely,24,1,3350,25,0,No,3,4,3,3,2,3,0,3.0,2.0,0.5,0.3,0.2,2,No
813,2,6,20190501,,21,Female,Divorced,3,Technical Degree,Travel_Rarely,13,5,18270,13,3,No,3,2,3,3,4,3,6,9.2,7.4,6.0,6.6,6.8,0,No
814,1,1,20220101,,44,Female,Divorced,4,Other,Travel_Rarely,14,5,21010,19,0,Yes,4,4,4,2,3,4,2,12.4,4.7,1.5,4.0,1.2,3,No
815,1,1,20181001,,53,Female,Married,4,Other,Travel_Frequently,30,2,7440,18,1,No,4,4,2,3,1,3,2,15.5,8.0,6.3,7.6,6.8,0,No
816,2,6,20191101,,21,Male,Married,4,Life Sciences,Travel_Rarely,9,1,3180,15,1,No,4,4,3,4,2,3,1,10.9,6.9,3.3,2.1,1.0,5,No
817,2,5,20221001,,59,Female,Single,3,Marketing,Travel_Frequently,25,3,6490,19,1,Yes,3,3,1,3,2,3,5,4.0,3.9,1.6,2.7,3.1,5,No
818,2,5,20200601,,53,Male,Divorced,3,Life Sciences,Travel_Frequently,1,1,2550,12,3,No,2,2,4,2,3,3,2,11.0,6.3,2.6,0.1,2.6,6,No
819,2,4,20121201,20190301,22,Male,Divorced,2,Technical Degree,Non-Travel,23,4,7800,14,0,No,4,2,3,3,3,3,3,19.8,13.8,7.3,0.1,13.1,0,Yes
820,1,1,20210401,,21,Male,Married,4,Technical Degree,Travel_Frequently,18,3,11490,12,2,No,3,4,2,4,3,3,3,6.4,5.5,3.8,4.1,3.2,6,No
821,3,9,20120501,,37,Male,Divorced,3,Other,Non-Travel,7,1,3020,12,0,No,4,3,4,4,3,3,5,18.1,14.4,7.5,12.5,13.3,1,No
822,3,10,20240401,,24,Male,Married,5,Life Sciences,Travel_Frequently,5,1,3500,20,2,Yes,3,4,2,3,2,3,3,5.9,2.5,1.4,1.3,1.9,2,No
823,1,1,20260701,20260901,49,Female,Divorced,4,Life Sciences,Travel_Rarely,12,5,21050,15,1,No,2,4,1,4,4,3,4,1.7,0.2,0.1,0.0,0.1,6,Yes
824,1,1,20201001,20250601,45,Female,Divorced,4,Marketing,Travel_Rarely,14,1,3270,20,2,No,4,3,4,4,2,3,5,9.1,5.9,2.8,2.3,2.6,5,Yes
825,2,5,20260601,20260701,30,Female,Single,3,Life Sciences,Travel_Rarely,9,1,3720,22,0,No,3,2,1,3,2,3,5,2.0,0.3,0.1,0.3,0.3,0,Yes
826,2,7,20250801,20260201,59,Male,Single,4,Marketing,Travel_Frequently,23,2,4240,15,0,No,3,2,4,3,2,3,2,2.3,1.1,0.4,0.1,0.5,0,Yes
827,1,1,20230301,,28,Female,Married,3,Technical Degree,Travel_Rarely,8,1,3310,13,1,No,1,3,3,4,2,3,0,7.5,3.6,3.0,2.1,1.5,6,No
828,3,9,20120401,20220901,27,Female,Married,2,Marketing,Travel_Rarely,5,1,2050,23,1,Yes,4,4,3,3,2,3,5,14.8,14.4,9.7,8.6,2.3,3,Yes
829,2,4,20200901,20210501,24,Female,Single,3,Marketing,Travel_Rarely,2,2,5250,11,2,Yes,4,2,1,2,4,3,3,12.0,6.0,2.9,6.0,4.5,5,Yes
830,1,3,20171001,,57,Male,Married,4,Marketing,Travel_Rarely,10,2,6170,17,0,No,1,4,3,2,3,3,4,14.4,8.9,3.6,1.3,4.0,6,No
831,2,6,20180801,,34,Female,Married,4,Technical Degree,Travel_Rarely,2,3,9670,25,3,No,4,3,2,1,2,3,6,12.9,8.1,1.8,4.3,5.8,1,No
832,2,6,20241001,,22,Male,Married,3,Medical,Travel_Frequently,11,3,8730,16,0,Yes,1,3,3,3,4,3,2,9.7,2.0,0.7,1.7,0.9,1,No
833,1,2,20220801,,58,Male,Single,3,Human Resources,Travel_Rarely,2,1,2790,12,2,No,4,4,4,3,3,4,5,7.9,4.1,3.5,3.1,0.5,0,No
834,1,1,20200301,,39,Male,Divorced,3,Human Resources,Travel_Rarely,4,5,15920,11,0,No,4,2,1,2,3,4,2,8.7,6.6,3.6,3.8,1.5,4,No
835,1,1,20150701,20241201,27,Female,Single,3,Other,Travel_Rarely,29,4,13330,25,0,No,4,1,2,1,1,3,3,17.8,11.2,0.7,6.1,9.7,1,Yes
836,2,8,20240201,,32,Female,Married,3,Technical Degree,Travel_Frequently,30,2,5120,20,0,No,3,4,2,2,3,3,3,9.5,2.6,1.1,1.5,2.0,6,No
837,2,6,20160401,,27,Male,Divorced,3,Human Resources,Travel_Rarely,19,2,5320,23,1,Yes,3,1,3,3,3,3,0,16.0,10.4,10.3,5.1,5.6,1,No
838,1,3,20200901,,56,Female,Married,3,Medical,Travel_Rarely,18,3,8890,17,1,No,4,4,4,1,1,3,0,11.0,6.0,3.8,2.2,2.7,5,No
839,3,10,20180401,,31,Male,Single,4,Medical,Travel_Rarely,18,1,3390,16,3,No,2,2,4,2,1,3,0,14.6,8.4,7.9,7.4,2.0,2,No
840,2,6,20210701,,43,Male,Single,4,Human Resources,Travel_Rarely,13,3,11730,23,1,No,3,2,2,3,2,3,0,13.1,5.2,1.5,4.1,3.6,6,No
841,1,3,20260101,20260601,58,Female,Single,4,Life Sciences,Non-Travel,26,1,3600,18,2,Yes,3,3,4,3,3,4,0,3.5,0.7,0.5,0.4,0.5,0,Yes
842,2,7,20180401,20260701,33,Male,Married,3,Technical Degree,Travel_Frequently,21,1,3840,18,0,Yes,4,1,1,3,1,3,6,10.6,8.4,0.6,0.1,1.5,3,Yes
843,2,7,20150301,,29,Female,Married,3,Technical Degree,Travel_Rarely,29,1,3350,11,1,No,2,4,3,2,4,3,1,16.5,11.5,4.6,4.4,10.3,1,No
844,1,2,20180901,,25,Female,Divorced,4,Medical,Travel_Rarely,4,3,7470,11,1,Yes,3,4,3,2,3,4,0,8.1,8.0,0.8,1.7,6.2,2,No
845,2,5,20201201,,29,Male,Single,3,Human Resources,Travel_Rarely,24,1,3290,11,0,No,3,4,2,2,2,3,0,10.8,5.8,3.9,4.1,3.1,4,No
846,2,7,20221201,,43,Male,Married,5,Human Resources,Non-Travel,17,2,4370,23,0,No,3,2,4,2,4,3,2,6.5,3.8,2.7,2.5,3.6,5,No
847,1,3,20170901,,46,Male,Single,3,Other,Travel_Frequently,21,3,10280,13,1,No,2,4,1,2,2,3,1,12.9,9.0,5.9,7.0,3.3,5,No
848,2,7,20220601,,31,Female,Married,3,Medical,Travel_Frequently,26,4,14500,12,0,Yes,3,3,4,3,3,3,6,9.0,4.3,1.1,0.8,0.1,6,No
849,1,1,20181201,,29,Female,Married,3,Life Sciences,Non-Travel,27,1,3040,11,1,Yes,2,2,3,2,3,3,1,14.4,7.8,0.4,4.5,3.4,2,No
850,1,2,20170301,,26,Male,Married,4,Life Sciences,Travel_Rarely,9,4,9840,22,0,No,4,3,3,2,2,3,0,17.2,9.5,8.9,1.4,4.6,5,No
851,1,1,20200701,,21,Female,Single,2,Technical Degree,Travel_Rarely,7,4,13260,21,3,No,3,2,1,3,2,3,1,9.6,6.2,2.8,2.6,0.9,0,No
852,2,5,20160401,,39,Male,Divorced,3,Medical,Travel_Frequently,25,4,11880,14,2,Yes,3,2,4,4,4,3,3,14.3,10.5,9.4,5.5,5.0,3,No
853,2,6,20150701,,27,Female,Single,4,Life Sciences,Travel_Frequently,10,2,5420,23,1,No,2,2,4,3,3,3,0,16.2,11.2,6.3,1.9,7.8,2,No
854,1,1,20210801,,31,Female,Married,3,Human Resources,Travel_Rarely,6,2,6280,22,0,Yes,3,4,1,2,3,3,2,8.1,5.1,3.9,2.1,2.9,2,No
855,2,5,20190601,20230901,32,Male,Married,3,Other,Travel_Rarely,18,3,10190,21,1,Yes,3,2,3,4,3,3,6,13.5,7.3,4.4,6.1,0.2,3,Yes
856,1,2,20201101,,55,Female,Divorced,4,Marketing,Travel_Rarely,18,4,13840,23,0,No,3,4,1,3,3,3,6,13.0,5.8,4.9,0.8,5.1,0,No
857,1,3,20240301,20250501,49,Female,Divorced,3,Medical,Travel_Frequently,18,1,3250,25,0,No,3,1,4,3,4,3,5,2.7,2.6,1.3,0.9,1.8,1,Yes
858,2,8,20231201,,49,Male,Single,3,Technical Degree,Travel_Rarely,19,3,10070,20,0,No,3,3,3,2,3,3,6,7.2,2.8,0.4,2.1,1.2,4,No
859,1,1,20191001,20260301,45,Female,Single,3,Human Resources,Travel_Rarely,16,1,3770,21,0,No,1,4,2,2,4,3,6,12.3,6.9,1.2,3.6,4.3,0,Yes
860,2,7,20170701,,25,Female,Divorced,3,Other,Travel_Rarely,30,4,9520,11,1,No,4,3,2,4,4,3,6,12.3,9.2,1.7,0.6,0.6,4,No
861,1,3,20190601,,52,Male,Divorced,3,Medical,Travel_Rarely,30,2,5870,15,0,No,3,2,2,3,3,4,0,15.0,7.3,5.6,5.6,1.7,1,No
862,1,2,20130301,,36,Female,Married,5,Other,Travel_Rarely,13,1,2760,16,2,No,3,1,2,3,2,4,3,19.1,13.6,1.5,4.9,7.7,1,No
863,3,9,20241201,,38,Male,Single,2,Other,Travel_Rarely,13,1,3250,25,1,No,3,4,4,1,3,4,0,5.5,1.8,1.0,0.7,0.9,6,No
864,1,3,20160801,20180701,53,Male,Married,2,Life Sciences,Travel_Rarely,10,4,14130,14,0,Yes,3,1,3,4,4,3,1,16.4,10.2,1.2,0.6,6.1,3,Yes
865,3,10,20141101,,47,Male,Divorced,4,Marketing,Travel_Rarely,22,1,2440,18,1,No,2,3,1,4,3,3,1,14.5,11.9,11.3,7.9,0.2,3,No
866,1,3,20251101,20260901,51,Female,Married,1,Medical,Travel_Rarely,26,4,11670,14,1,Yes,4,2,2,4,3,3,0,5.0,0.8,0.7,0.2,0.1,5,Yes
867,2,8,20200101,20240501,21,Male,Single,4,Life Sciences,Travel_Rarely,20,1,4490,18,0,Yes,1,3,2,3,4,4,2,13.2,6.7,6.2,1.0,1.1,0,Yes
868,2,8,20230901,,21,Male,Married,3,Medical,Travel_Rarely,14,3,6780,22,1,Yes,3,3,4,3,4,4,1,9.9,3.1,2.8,1.0,1.1,6,No
869,3,9,20131101,,55,Male,Single,4,Marketing,Travel_Rarely,5,5,19120,17,2,No,3,3,3,2,1,3,5,16.5,12.9,6.4,6.7,3.6,2,No
870,2,8,20220601,,32,Male,Divorced,5,Life Sciences,Non-Travel,13,1,3360,18,3,No,3,3,2,2,3,3,4,9.1,4.3,1.7,0.7,1.8,4,No
871,1,3,20151201,,58,Male,Single,4,Marketing,Travel_Rarely,12,2,5260,19,0,No,3,4,2,3,2,3,3,17.7,10.8,4.3,5.6,7.7,4,No
872,2,4,20251201,,59,Male,Single,3,Medical,Travel_Rarely,30,3,9590,22,1,No,1,4,4,3,4,4,5,0.7,0.7,0.0,0.2,0.5,5,No
873,1,2,20131001,20171201,34,Female,Single,3,Life Sciences,Non-Travel,20,2,5980,13,1,No,3,4,2,1,3,3,1,17.0,13.0,2.0,8.3,7.1,1,Yes
874,2,4,20170201,20240701,42,Male,Single,5,Human Resources,Travel_Frequently,13,4,11000,24,2,Yes,4,4,1,4,3,3,4,13.1,9.7,9.1,1.0,9.1,0,Yes
875,2,6,20240501,,36,Male,Married,3,Human Resources,Travel_Frequently,30,5,17340,15,0,No,4,3,1,2,2,3,6,9.8,2.3,1.0,0.8,1.1,1,No
876,3,10,20150801,20210301,41,Female,Single,2,Life Sciences,Non-Travel,14,2,7360,21,0,Yes,1,4,4,3,3,3,2,15.1,11.1,7.1,0.8,11.0,4,Yes
877,2,4,20220701,,34,Female,Single,3,Medical,Travel_Rarely,1,2,7130,19,0,No,2,2,4,4,4,3,2,10.7,4.2,3.6,1.3,3.6,3,No
878,1,2,20140201,,59,Male,Married,1,Other,Travel_Rarely,18,1,3350,16,0,No,4,1,4,3,3,3,5,19.4,12.6,12.3,1.1,8.8,2,No
879,1,2,20121001,,27,Female,Married,3,Marketing,Non-Travel,16,1,3030,25,2,No,1,2,4,2,2,3,3,17.1,14.0,5.1,8.4,1.6,6,No
880,3,9,20211201,,30,Male,Single,1,Human Resources,Non-Travel,17,3,10490,19,0,No,4,3,4,1,3,3,5,9.5,4.8,1.9,0.8,4.5,1,No
881,1,3,20161101,,59,Female,Single,3,Technical Degree,Travel_Rarely,7,1,3680,24,0,Yes,4,4,4,4,3,3,5,15.6,9.9,2.0,2.0,2.3,4,No
882,1,1,20130301,20161201,59,Male,Single,4,Other,Travel_Frequently,10,1,3160,14,1,No,4,4,3,1,3,3,5,19.1,13.5,1.3,11.3,11.1,4,Yes
883,2,7,20111201,,36,Male,Divorced,2,Life Sciences,Non-Travel,11,4,11840,15,0,Yes,2,3,4,3,4,3,1,18.0,14.8,4.4,6.7,10.1,5,No
884,2,4,20250101,20260301,26,Female,Single,3,Marketing,Travel_Frequently,16,5,15500,13,2,No,2,2,4,3,1,3,3,8.3,1.7,1.0,1.2,1.0,0,Yes
885,1,2,20140301,,55,Female,Single,3,Medical,Travel_Rarely,27,1,2860,24,0,Yes,1,4,4,1,3,3,0,19.8,12.5,0.1,11.3,6.5,0,No
886,3,10,20240101,,28,Male,Single,1,Human Resources,Travel_Rarely,1,1,3460,22,0,No,4,4,3,3,3,4,1,10.6,2.7,0.2,2.0,1.7,4,No
887,1,3,20170101,20170401,46,Male,Single,4,Human Resources,Travel_Frequently,22,3,10530,13,0,No,2,3,3,3,4,3,3,10.0,9.7,8.4,4.5,8.9,0,Yes
888,3,9,20211101,,28,Female,Married,3,Other,Travel_Rarely,6,3,8260,13,0,No,3,1,4,3,2,3,3,7.1,4.8,4.0,1.4,1.6,0,No
889,1,3,20160801,20210501,40,Female,Single,1,Technical Degree,Non-Travel,12,1,3060,16,3,No,3,1,2,3,4,3,0,17.1,10.2,1.6,4.3,9.4,6,Yes
890,1,1,20220801,,43,Female,Divorced,3,Life Sciences,Travel_Rarely,2,5,18980,22,1,No,2,4,2,4,4,3,3,6.1,4.1,0.3,1.0,1.3,2,No
891,1,2,20140901,,57,Male,Divorced,4,Human Resources,Travel_Rarely,14,4,11550,16,1,No,3,3,3,3,4,3,3,15.2,12.0,11.6,11.2,10.2,3,No
892,1,3,20200901,,36,Female,Married,2,Other,Non-Travel,12,1,3070,14,2,No,2,4,4,2,3,3,1,8.0,6.0,0.0,3.9,3.4,6,No
893,2,5,20221201,,23,Male,Divorced,3,Medical,Travel_Frequently,21,1,2780,25,1,Yes,2,3,2,2,2,3,4,10.3,3.8,3.6,3.4,1.7,0,No
894,2,5,20220901,20250401,21,Male,Married,2,Human Resources,Non-Travel,19,4,13290,11,2,No,3,4,4,2,2,3,5,8.1,4.0,1.2,0.8,1.2,3,Yes
895,2,6,20231101,,48,Male,Single,5,Human Resources,Travel_Rarely,5,3,10960,13,3,Yes,3,3,2,4,3,3,1,3.1,2.9,2.1,1.1,0.8,5,No
896,2,7,20160901,,46,Female,Divorced,1,Technical Degree,Travel_Rarely,11,2,5430,15,0,Yes,2,4,1,3,4,3,0,10.0,10.0,5.6,0.5,3.8,1,No
897,2,5,20170101,20230701,22,Female,Married,3,Marketing,Travel_Frequently,1,1,2340,21,3,No,3,4,4,4,4,4,3,13.3,9.7,1.3,5.5,0.0,5,Yes
898,2,8,20211201,,38,Female,Divorced,4,Technical Degree,Travel_Rarely,24,2,6510,15,2,No,3,1,3,3,3,3,4,5.6,4.8,4.4,4.7,3.4,4,No
899,2,6,20211201,,21,Female,Divorced,4,Other,Non-Travel,8,1,2980,13,1,No,3,4,3,3,3,4,1,5.8,4.7,2.0,4.1,1.4,2,No
900,3,9,20250101,,42,Male,Married,1,Life Sciences,Non-Travel,7,5,20230,22,3,No,4,2,4,4,2,3,1,3.2,1.7,0.8,1.3,1.7,3,No
901,2,8,20120301,,25,Male,Single,3,Medical,Travel_Rarely,13,2,6920,22,1,No,3,3,2,3,3,3,6,18.9,14.5,7.0,4.8,7.9,6,No
902,2,7,20120901,,22,Female,Divorced,4,Technical Degree,Travel_Rarely,1,4,14770,18,0,No,3,1,4,1,4,3,4,16.3,14.1,10.9,5.5,12.5,3,No
903,1,1,20160701,,27,Female,Married,5,Marketing,Travel_Frequently,11,3,9590,13,0,No,3,1,1,3,2,3,4,15.7,10.2,4.1,2.8,5.1,3,No
904,1,3,20180901,,39,Male,Married,3,Life Sciences,Travel_Rarely,25,2,4910,25,0,No,2,4,2,3,4,4,2,10.0,8.0,0.9,1.4,2.1,0,No
905,2,4,20260301,,41,Female,Single,2,Other,Travel_Frequently,5,2,4980,23,1,No,3,3,4,2,4,3,6,8.2,0.5,0.2,0.0,0.3,2,No
906,2,4,20130101,,38,Male,Divorced,4,Technical Degree,Travel_Frequently,5,1,3390,13,1,No,2,3,3,3,2,4,4,17.5,13.7,6.6,11.6,11.3,3,No
907,2,7,20150601,,52,Female,Divorced,3,Life Sciences,Travel_Rarely,21,1,2860,13,1,No,2,1,4,4,4,4,2,16.4,11.3,10.8,6.5,7.6,2,No
908,3,10,20260401,,29,Female,Divorced,4,Marketing,Travel_Rarely,22,1,2690,17,1,No,3,4,1,2,3,3,4,4.2,0.5,0.4,0.1,0.1,2,No
909,3,9,20231001,,31,Male,Single,3,Human Resources,Travel_Rarely,9,2,5560,13,3,Yes,3,4,3,3,4,3,5,9.7,3.0,1.0,1.9,2.6,1,No
910,2,8,20260801,20260901,39,Male,Single,2,Technical Degree,Travel_Frequently,3,5,24830,19,3,No,3,1,3,2,4,4,5,3.2,0.1,0.0,0.1,0.1,6,Yes
911,3,10,20260201,20260501,40,Female,Divorced,3,Human Resources,Travel_Rarely,16,2,5720,13,2,Yes,2,4,3,1,4,3,1,8.1,0.6,0.6,0.1,0.3,3,Yes
912,3,9,20160301,,49,Male,Divorced,3,Human Resources,Travel_Rarely,16,1,3160,19,0,No,3,4,3,3,4,3,6,18.4,10.5,6.1,7.4,0.7,3,No
913,2,6,20140201,,58,Male,Married,4,Technical Degree,Travel_Rarely,13,1,3140,17,0,No,1,2,1,3,1,3,5,17.2,12.6,4.7,12.4,9.6,3,No
914,1,3,20140501,,28,Male,Divorced,4,Marketing,Travel_Rarely,21,3,10330,23,0,No,3,4,1,4,1,3,6,19.4,12.4,6.8,1.9,7.0,5,No
915,3,10,20210901,,23,Male,Single,3,Technical Degree,Travel_Frequently,8,3,6950,21,0,Yes,4,4,2,2,3,3,4,8.8,5.0,0.7,2.8,1.9,4,No
916,3,9,20260501,,35,Male,Married,4,Marketing,Travel_Frequently,29,1,2240,16,0,No,1,4,2,3,1,3,6,6.8,0.4,0.2,0.3,0.3,0,No
917,3,10,20200501,20241101,59,Male,Divorced,4,Marketing,Travel_Frequently,10,4,16240,22,0,Yes,2,2,3,2,1,3,0,8.5,6.4,2.0,6.3,3.4,3,Yes
918,3,9,20161001,,59,Male,Divorced,3,Life Sciences,Travel_Rarely,10,2,5060,16,0,No,2,3,3,4,1,3,1,16.9,9.9,4.5,4.4,0.5,1,No
919,2,7,20230801,,48,Female,Single,3,Life Sciences,Travel_Frequently,12,2,3390,20,3,No,3,4,2,3,4,3,1,8.0,3.1,1.5,2.4,1.6,1,No
920,1,3,20111001,,57,Male,Married,3,Human Resources,Non-Travel,28,2,6140,19,0,No,3,3,3,3,1,3,2,17.3,14.9,2.4,12.2,3.4,1,No
921,2,7,20181101,,51,Female,Married,4,Medical,Travel_Rarely,24,4,13640,11,0,No,4,4,1,3,3,3,5,13.7,7.8,4.5,4.2,5.1,5,No
922,2,5,20171201,,27,Male,Married,4,Marketing,Travel_Rarely,26,1,3340,13,1,No,3,1,3,3,4,4,1,14.4,8.8,0.5,5.2,7.2,6,No
923,1,3,20120301,,48,Female,Divorced,3,Life Sciences,Travel_Rarely,15,2,4760,17,3,No,1,4,4,4,2,3,1,19.3,14.6,10.3,2.7,8.1,0,No
924,1,3,20251001,20260901,29,Male,Married,3,Human Resources,Travel_Rarely,14,2,6210,11,0,No,4,3,2,3,2,3,4,1.6,1.0,1.0,0.7,1.0,2,Yes
925,1,3,20171001,,34,Male,Married,3,Life Sciences,Travel_Frequently,4,1,3210,12,1,No,3,3,4,3,3,3,3,16.3,9.0,3.9,2.8,7.8,4,No
926,1,3,20191201,,52,Female,Married,4,Marketing,Travel_Rarely,1,3,7010,16,0,No,3,4,4,3,2,3,6,11.7,6.8,0.2,6.3,6.6,5,No
927,3,9,20140801,,46,Female,Single,3,Medical,Non-Travel,30,2,5470,21,1,No,3,2,3,2,3,3,1,13.9,12.1,0.0,5.7,2.9,4,No
928,3,10,20260601,,41,Male,Single,4,Medical,Travel_Rarely,4,1,2960,19,2,No,3,1,4,3,4,3,5,2.6,0.3,0.2,0.1,0.1,1,No
929,2,6,20140801,,26,Male,Married,3,Medical,Travel_Rarely,18,1,2810,16,0,No,2,4,4,3,3,3,6,15.4,12.1,7.6,11.4,0.2,1,No
930,3,10,20201001,,33,Male,Divorced,3,Life Sciences,Travel_Rarely,6,2,4270,16,3,No,3,2,4,3,4,3,1,7.4,6.0,4.5,0.1,0.2,2,No
931,1,2,20251001,,39,Male,Single,3,Technical Degree,Non-Travel,28,4,14050,13,0,No,4,2,1,2,4,3,1,1.7,0.9,0.1,0.3,0.5,1,No
932,1,1,20111001,,44,Female,Single,1,Other,Travel_Rarely,10,2,7060,14,0,Yes,2,2,3,4,4,3,1,20.9,15.0,11.4,12.8,1.7,5,No
933,2,6,20220601,,47,Female,Married,3,Medical,Travel_Frequently,6,2,4790,22,0,Yes,3,4,2,3,3,3,3,8.2,4.2,1.3,3.4,2.6,6,No
934,2,5,20210601,,57,Female,Single,3,Human Resources,Travel_Frequently,13,1,3400,24,0,No,3,4,4,3,2,3,3,8.1,5.3,4.4,0.5,3.6,0,No
935,2,7,20180501,,47,Female,Single,3,Marketing,Travel_Frequently,25,1,3260,16,1,No,3,3,4,3,3,3,2,10.2,8.4,3.4,4.9,3.1,6,No
936,2,6,20171201,,36,Male,Married,4,Medical,Travel_Rarely,15,3,6870,17,3,No,3,3,2,2,4,3,0,12.8,8.8,5.2,2.6,3.0,4,No
937,2,7,20140701,20251001,36,Male,Married,3,Life Sciences,Travel_Frequently,25,3,7270,14,1,No,3,1,4,3,2,3,4,13.4,12.2,6.9,7.2,2.9,0,Yes
938,2,4,20221201,,51,Male,Married,3,Life Sciences,Travel_Rarely,16,4,14110,11,1,No,2,4,3,2,4,4,4,10.0,3.8,2.9,3.6,1.0,3,No
939,3,10,20200601,,40,Female,Married,3,Medical,Travel_Frequently,10,2,6060,12,1,No,3,3,4,3,2,3,3,13.0,6.3,4.7,6.2,4.0,6,No
940,3,9,20180101,20260301,26,Male,Single,3,Other,Non-Travel,22,1,3010,16,0,No,2,1,3,2,4,3,5,14.4,8.7,4.9,0.8,3.6,0,Yes
941,2,4,20241001,,57,Female,Divorced,1,Human Resources,Travel_Rarely,16,1,2920,12,0,No,3,3,4,1,1,3,5,3.5,1.9,0.4,1.8,0.4,3,No
942,2,4,20170901,20231101,23,Male,Married,2,Human Resources,Non-Travel,1,1,2550,25,3,Yes,4,1,3,4,3,3,5,9.2,9.1,2.6,6.0,5.4,0,Yes
943,1,1,20220201,20241201,25,Male,Single,2,Marketing,Travel_Frequently,2,1,2410,20,3,Yes,2,4,4,1,4,3,2,6.7,4.6,4.1,4.3,1.4,0,Yes
944,1,2,20240601,,26,Female,Single,4,Medical,Travel_Rarely,15,1,3600,25,1,No,3,1,1,2,3,4,1,7.0,2.3,0.7,1.9,0.0,2,No
945,2,8,20180501,20210201,25,Male,Married,4,Technical Degree,Travel_Rarely,3,2,4660,21,3,Yes,2,3,2,2,2,3,1,12.3,8.4,2.5,3.6,5.1,0,Yes
946,1,2,20111001,,42,Male,Married,3,Life Sciences,Travel_Frequently,11,1,4650,23,1,Yes,3,4,1,3,2,3,2,18.5,15.0,9.9,5.8,6.1,0,No
947,2,8,20180801,,58,Female,Divorced,5,Human Resources,Travel_Rarely,2,1,4090,16,0,Yes,3,4,3,3,4,3,4,11.5,8.1,4.9,4.1,8.0,1,No
948,1,3,20230901,,49,Male,Married,3,Medical,Non-Travel,1,1,3150,24,3,No,4,1,2,4,3,3,6,9.2,3.1,1.1,1.1,0.8,3,No
949,2,5,20120501,20160501,23,Female,Single,1,Life Sciences,Travel_Frequently,26,2,5380,17,0,No,3,1,3,3,2,3,2,22.2,14.4,5.9,7.8,0.8,4,Yes
950,3,9,20190401,,30,Female,Single,3,Human Resources,Travel_Rarely,1,1,3180,23,1,Yes,3,4,2,4,1,3,4,14.3,7.4,3.9,2.6,4.5,1,No
951,1,1,20221201,,41,Male,Married,5,Technical Degree,Travel_Frequently,10,3,6550,19,3,Yes,3,3,2,2,3,4,6,9.9,3.8,2.0,0.5,3.1,0,No
952,1,2,20241201,,60,Female,Divorced,3,Marketing,Travel_Frequently,30,1,2000,19,0,No,3,4,3,3,2,3,6,6.7,1.8,1.6,0.2,1.4,5,No
953,3,10,20150601,,35,Male,Married,4,Medical,Travel_Rarely,19,3,10830,20,1,No,3,2,4,2,4,3,1,19.2,11.3,6.3,8.0,0.3,0,No
954,2,6,20130501,20140701,56,Female,Married,4,Technical Degree,Travel_Rarely,24,2,6560,17,1,Yes,1,2,4,3,4,3,1,18.0,13.4,9.4,0.3,10.2,3,Yes
955,2,7,20200701,,42,Female,Married,3,Medical,Travel_Rarely,30,3,10350,19,0,Yes,3,3,3,2,4,3,3,9.2,6.2,5.5,0.5,2.0,1,No
956,2,7,20150601,20180401,39,Female,Married,4,Technical Degree,Travel_Rarely,6,1,3520,15,0,Yes,2,1,1,1,4,3,4,18.2,11.3,2.0,9.1,9.2,5,Yes
957,2,7,20160501,,59,Male,Married,3,Human Resources,Travel_Rarely,26,1,3520,14,3,No,2,4,3,2,3,3,6,12.7,10.4,9.9,9.7,4.0,1,No
958,2,6,20200501,,55,Male,Divorced,3,Technical Degree,Travel_Rarely,3,1,3740,15,3,No,3,4,1,1,3,4,5,6.6,6.4,5.3,3.9,2.5,1,No
959,2,6,20160101,20181001,36,Male,Married,4,Technical Degree,Travel_Rarely,2,1,3240,11,0,No,3,4,1,2,3,3,6,17.6,10.7,8.9,4.2,10.6,0,Yes
960,2,4,20150901,,34,Female,Divorced,3,Medical,Travel_Rarely,11,2,6070,13,2,No,3,4,2,3,3,3,5,11.7,11.0,0.7,0.6,0.2,4,No
961,2,8,20181201,,58,Male,Single,3,Life Sciences,Travel_Rarely,15,3,8640,17,0,No,3,4,3,3,1,3,3,13.6,7.8,7.6,1.1,1.8,6,No
962,3,10,20170101,,27,Male,Divorced,5,Technical Degree,Travel_Rarely,29,1,2730,11,2,No,2,1,4,2,3,3,5,17.5,9.7,6.9,3.3,3.3,0,No
963,3,10,20240201,,24,Male,Single,2,Medical,Travel_Rarely,16,1,3210,21,1,No,3,3,1,2,4,3,3,5.7,2.6,1.6,1.8,1.1,2,No
964,2,6,20230301,,47,Male,Married,2,Life Sciences,Travel_Rarely,11,1,3530,23,1,No,4,1,2,3,2,3,1,8.4,3.5,0.7,0.1,3.3,2,No
965,3,9,20151201,,45,Female,Divorced,2,Medical,Travel_Rarely,22,1,4710,25,0,No,3,1,1,2,4,3,4,16.8,10.8,5.8,2.8,5.3,6,No
966,2,7,20210901,,46,Female,Single,3,Technical Degree,Travel_Rarely,12,3,10430,14,1,Yes,4,4,2,3,3,4,2,12.0,5.0,1.8,4.0,2.4,2,No
967,3,9,20130901,,39,Female,Single,3,Medical,Non-Travel,1,2,6510,17,1,No,3,1,4,1,3,3,5,15.3,13.0,4.8,1.6,4.0,3,No
968,2,8,20121101,,32,Male,Divorced,4,Marketing,Non-Travel,5,1,3090,24,2,No,3,1,1,2,4,3,6,17.4,13.9,10.8,3.6,12.2,6,No
969,1,1,20230801,20250301,39,Female,Married,3,Other,Non-Travel,8,2,6400,21,2,No,4,4,4,2,3,4,3,6.2,3.2,2.8,0.9,2.1,5,Yes
970,2,6,20160901,,25,Female,Married,4,Technical Degree,Travel_Frequently,26,1,3550,12,0,No,2,4,2,4,4,4,6,10.2,10.1,2.0,6.4,6.8,5,No
971,2,5,20140601,,53,Female,Single,4,Technical Degree,Travel_Rarely,1,2,6910,20,0,No,3,3,4,3,4,3,5,13.9,12.3,12.2,2.6,10.4,2,No
972,2,5,20170401,,48,Male,Single,5,Human Resources,Travel_Rarely,12,1,2870,20,3,No,3,4,4,4,1,4,1,11.7,9.5,6.8,0.5,8.2,2,No
973,2,8,20141101,,43,Male,Divorced,3,Life Sciences,Travel_Rarely,3,1,3230,17,2,Yes,3,4,4,2,3,3,2,17.7,11.8,6.8,8.9,8.7,4,No
974,2,8,20220301,,40,Female,Married,3,Marketing,Travel_Rarely,15,3,9910,18,1,Yes,1,4,3,2,3,4,2,4.8,4.5,2.9,0.5,1.8,0,No
975,3,10,20240701,,54,Male,Married,2,Other,Travel_Frequently,4,2,5950,16,1,Yes,3,2,2,3,3,3,4,3.1,2.2,1.1,0.9,2.2,2,No
976,2,6,20120301,,55,Male,Married,3,Medical,Travel_Rarely,8,1,2700,14,1,No,3,4,2,2,3,3,1,18.8,14.5,8.5,6.1,6.4,3,No
977,2,8,20200801,,42,Male,Single,3,Other,Travel_Frequently,25,1,2810,25,2,Yes,2,4,3,3,3,3,0,13.5,6.1,2.6,3.0,5.3,0,No
978,1,1,20191201,20250601,31,Female,Single,3,Human Resources,Travel_Rarely,30,4,12850,25,1,Yes,4,4,3,3,2,4,6,10.2,6.8,6.6,0.0,3.7,6,Yes
979,2,8,20150501,,51,Female,Divorced,2,Life Sciences,Travel_Frequently,7,2,7660,13,0,Yes,3,4,2,2,3,3,4,13.6,11.3,3.6,7.8,5.4,5,No
980,2,6,20170101,,51,Female,Married,4,Life Sciences,Travel_Rarely,20,3,8680,17,2,No,3,1,3,3,3,3,3,17.2,9.7,6.6,5.7,4.6,2,No
981,1,1,20200501,20210901,22,Female,Single,5,Medical,Travel_Frequently,20,3,8960,12,2,Yes,2,3,1,1,3,3,1,14.0,6.4,6.3,2.4,4.6,1,Yes
982,2,6,20240701,20250501,52,Male,Single,1,Marketing,Non-Travel,2,1,3380,20,1,Yes,3,4,4,3,4,4,0,2.6,2.2,0.9,1.8,0.3,1,Yes
983,3,9,20130301,,53,Male,Married,4,Technical Degree,Travel_Rarely,8,3,12440,17,2,No,3,2,2,4,1,4,6,15.1,13.6,3.9,5.5,7.8,3,No
984,2,7,20171101,,48,Female,Single,2,Human Resources,Travel_Rarely,5,1,2430,11,1,Yes,3,4,1,3,1,3,5,13.2,8.9,2.3,7.9,8.0,5,No
985,1,1,20190101,,41,Male,Divorced,3,Life Sciences,Travel_Rarely,2,3,8860,25,0,No,3,2,3,3,4,3,5,9.9,7.7,6.3,3.8,0.9,0,No
986,1,1,20250301,,23,Male,Divorced,3,Human Resources,Travel_Frequently,18,1,3600,21,3,No,2,4,2,2,4,3,2,6.0,1.6,0.8,1.2,1.3,1,No
987,1,1,20120601,,60,Male,Single,4,Marketing,Travel_Rarely,21,3,12360,21,1,Yes,3,2,4,3,2,3,1,17.8,14.3,6.1,3.5,6.0,5,No
988,2,8,20240901,20251201,21,Female,Divorced,2,Medical,Travel_Rarely,1,2,6920,25,0,No,3,3,4,1,3,3,6,2.4,2.1,0.7,1.2,0.4,2,Yes
989,3,10,20120201,,35,Female,Married,4,Other,Travel_Rarely,4,2,5850,19,1,No,4,3,2,3,4,3,3,14.8,14.6,10.6,5.9,7.1,0,No
990,2,7,20220701,,31,Female,Married,3,Medical,Travel_Rarely,23,2,5130,12,3,Yes,4,2,2,4,3,4,0,7.6,4.2,1.8,2.2,2.9,4,No
991,1,1,20190701,,50,Female,Divorced,3,Human Resources,Travel_Rarely,14,2,4670,19,2,No,4,3,4,1,1,3,3,11.7,7.2,0.8,2.3,4.5,5,No
992,2,5,20140401,20180601,28,Female,Single,3,Technical Degree,Travel_Rarely,13,1,3210,19,0,No,3,4,2,3,1,3,6,17.2,12.5,7.1,11.9,1.7,6,Yes
993,2,5,20150801,,38,Male,Divorced,3,Technical Degree,Travel_Frequently,19,1,3160,21,0,Yes,3,3,3,3,2,3,0,13.9,11.1,5.1,0.6,2.6,0,No
994,3,10,20220601,,43,Male,Single,3,Medical,Travel_Rarely,2,5,17060,21,0,Yes,4,4,4,4,3,3,3,7.6,4.3,0.9,0.5,2.4,2,No
995,3,10,20120501,20190401,49,Female,Single,5,Technical Degree,Travel_Rarely,26,1,2540,20,0,No,3,4,3,1,3,4,6,16.6,14.3,0.4,11.6,7.1,6,Yes
996,2,5,20200501,,44,Male,Married,4,Marketing,Travel_Rarely,30,1,3740,22,2,No,3,4,3,4,3,4,6,9.4,6.4,2.7,3.5,3.4,5,No
997,2,7,20171101,,31,Female,Married,3,Medical,Travel_Frequently,16,2,7390,15,0,No,3,4,4,3,2,3,5,15.5,8.9,4.6,2.1,0.3,2,No
998,2,7,20191001,,59,Female,Divorced,3,Life Sciences,Travel_Rarely,13,3,6990,11,0,No,2,2,4,3,2,3,1,9.5,6.9,0.4,6.9,0.2,3,No
999,2,8,20181101,,30,Female,Married,4,Other,Non-Travel,5,5,19740,13,1,No,3,2,2,3,4,3,0,13.1,7.8,7.6,0.0,4.4,1,No
1000,1,2,20210601,,29,Female,Divorced,4,Marketing,Travel_Rarely,26,4,13420,12,0,No,3,3,2,4,3,3,2,11.9,5.3,4.0,3.3,4.4,3,No
1001,1,3,20181201,,56,Female,Divorced,5,Technical Degree,Travel_Rarely,22,1,3630,23,0,No,1,3,4,1,2,3,1,8.7,7.8,0.4,2.8,1.7,3,No
1002,2,5,20160601,,43,Female,Married,3,Other,Travel_Frequently,14,1,3070,15,0,No,4,1,1,2,3,4,4,15.9,10.3,9.5,4.3,4.9,5,No
1003,1,3,20260101,,48,Female,Single,4,Medical,Travel_Rarely,1,4,11480,20,2,No,2,4,2,3,2,3,3,4.8,0.7,0.4,0.4,0.5,5,No
1004,1,1,20121101,,40,Female,Single,3,Other,Travel_Rarely,14,3,9010,12,3,No,4,2,4,4,3,3,5,20.5,13.9,7.5,12.8,1.7,0,No
1005,2,6,20180501,,26,Female,Divorced,2,Medical,Non-Travel,6,1,3210,16,2,No,3,3,3,1,4,3,5,13.3,8.4,2.0,2.5,0.4,0,No
1006,2,5,20191201,,33,Male,Divorced,3,Other,Travel_Frequently,22,1,3510,20,1,No,2,3,2,3,3,3,0,8.8,6.8,6.0,2.5,6.2,5,No
1007,3,10,20211101,,29,Female,Married,5,Life Sciences,Non-Travel,2,2,5750,12,1,No,2,3,1,2,2,3,4,11.8,4.9,2.5,4.1,0.7,6,No
1008,1,1,20150901,20210501,43,Male,Divorced,4,Human Resources,Travel_Frequently,3,1,2900,15,0,No,1,4,2,2,3,3,4,11.0,11.0,7.1,3.8,6.5,4,Yes
1009,3,9,20120501,20211201,60,Male,Single,5,Other,Travel_Frequently,2,3,8210,22,2,Yes,2,4,3,2,3,3,3,17.2,14.4,0.8,8.6,7.2,5,Yes
1010,3,9,20140501,,53,Male,Single,4,Life Sciences,Non-Travel,8,1,3980,19,0,Yes,2,1,3,3,3,3,2,17.7,12.4,5.5,0.9,10.8,0,No
1011,2,4,20120501,,25,Female,Divorced,4,Life Sciences,Travel_Rarely,3,3,11000,20,0,No,3,3,2,3,3,3,5,17.7,14.4,6.0,0.1,7.7,0,No
1012,1,2,20160501,,37,Male,Single,5,Technical Degree,Travel_Frequently,22,2,5400,12,0,No,3,3,1,2,4,3,0,11.2,10.3,2.5,5.8,9.0,4,No
1013,2,5,20230601,,44,Female,Married,4,Technical Degree,Travel_Rarely,16,2,5320,22,2,Yes,3,3,1,3,3,3,1,8.2,3.3,1.1,1.3,0.4,1,No
1014,2,7,20220101,20240601,49,Male,Single,3,Marketing,Travel_Rarely,2,1,2150,21,1,Yes,3,4,4,4,2,3,5,8.4,4.7,0.9,4.0,2.5,3,Yes
1015,2,4,20160501,,34,Male,Married,2,Other,Travel_Rarely,10,1,2630,17,0,No,4,2,1,2,2,3,0,13.6,10.3,1.0,3.1,6.4,4,No
1016,3,9,20210601,,51,Male,Single,3,Technical Degree,Travel_Rarely,24,3,9640,23,0,Yes,4,4,1,4,4,3,5,5.3,5.3,1.5,1.2,3.6,5,No
1017,2,8,20250301,,24,Female,Married,3,Human Resources,Travel_Rarely,3,1,2730,12,1,No,1,3,3,3,4,3,1,1.8,1.5,0.4,0.6,1.4,0,No
1018,2,8,20141201,,42,Female,Divorced,4,Human Resources,Travel_Rarely,20,1,3160,24,0,Yes,3,1,3,3,2,3,4,17.0,11.8,9.8,5.6,3.4,4,No
1019,3,9,20211201,20250201,60,Male,Single,2,Technical Degree,Travel_Frequently,4,1,3840,16,2,No,3,2,4,3,3,3,3,9.9,4.8,3.3,4.6,3.4,3,Yes
1020,3,9,20130601,,25,Male,Divorced,3,Medical,Travel_Rarely,4,2,6240,11,1,No,3,3,2,3,2,3,1,18.5,13.3,11.8,0.7,7.1,6,No
1021,2,4,20141101,,47,Male,Single,3,Life Sciences,Travel_Rarely,2,3,6450,16,1,Yes,3,2,4,4,4,3,5,14.5,11.9,6.9,9.0,0.5,4,No
1022,3,9,20211001,,28,Male,Married,5,Marketing,Non-Travel,26,3,6990,22,1,Yes,2,4,1,3,4,4,2,9.8,5.0,0.8,4.6,3.9,2,No
1023,2,7,20170701,,32,Male,Divorced,4,Medical,Travel_Rarely,9,1,3260,14,0,Yes,3,4,3,1,4,3,4,15.7,9.2,1.1,5.0,2.1,3,No
1024,2,6,20111001,,60,Male,Divorced,3,Human Resources,Travel_Rarely,24,5,16420,20,1,Yes,2,1,3,3,2,3,5,17.3,14.9,13.1,8.6,6.9,6,No
1025,2,7,20120901,,46,Male,Single,3,Medical,Non-Travel,22,1,4490,15,0,Yes,2,2,4,2,3,3,1,17.8,14.0,13.1,6.3,6.7,6,No
1026,2,4,20210501,,24,Female,Divorced,2,Medical,Travel_Rarely,10,1,3290,23,3,Yes,4,2,4,3,2,3,0,8.8,5.3,1.6,0.1,4.7,6,No
1027,2,6,20240801,20250801,21,Female,Married,3,Technical Degree,Travel_Rarely,9,3,8210,16,0,Yes,3,4,4,3,2,3,2,3.0,2.1,1.5,0.9,0.1,1,Yes
1028,1,2,20241201,,60,Male,Divorced,3,Medical,Travel_Rarely,20,3,9780,20,3,Yes,1,4,2,3,3,3,2,7.1,1.8,1.5,0.1,1.2,3,No
1029,1,3,20240701,,57,Female,Single,3,Medical,Travel_Frequently,20,3,9220,15,0,No,3,4,2,3,3,3,6,6.7,2.2,0.2,0.1,1.8,1,No
1030,2,4,20210601,,33,Female,Divorced,3,Human Resources,Travel_Rarely,14,1,2230,11,1,No,3,3,2,2,4,3,5,12.8,5.2,1.3,2.5,0.5,4,No
1031,3,9,20190101,,42,Female,Single,3,Technical Degree,Travel_Frequently,21,2,4810,15,2,No,4,4,4,2,3,4,6,14.3,7.7,0.2,6.6,1.3,6,No
1032,2,5,20160201,,41,Male,Married,2,Human Resources,Travel_Rarely,2,3,7480,16,0,No,3,4,2,2,2,3,4,13.8,10.6,0.5,4.9,8.5,5,No
1033,2,7,20121201,,54,Female,Married,3,Technical Degree,Travel_Frequently,21,4,14900,12,2,Yes,3,4,1,4,2,3,5,18.4,13.8,6.3,5.6,1.5,6,No
1034,2,8,20170401,,27,Female,Married,4,Technical Degree,Travel_Rarely,1,2,4460,21,0,No,3,4,2,2,2,4,5,13.0,9.5,3.1,6.2,0.7,4,No
1035,2,7,20260401,,57,Female,Single,3,Marketing,Travel_Frequently,16,1,3630,15,3,No,3,3,3,3,3,4,6,5.7,0.5,0.4,0.2,0.4,6,No
1036,2,5,20210401,,23,Male,Married,5,Life Sciences,Travel_Frequently,28,2,4030,23,0,No,3,4,3,2,2,3,1,9.8,5.5,4.8,5.5,2.4,6,No
1037,1,1,20260301,,45,Male,Married,3,Human Resources,Travel_Rarely,19,1,3970,14,0,No,2,4,4,2,4,3,1,6.3,0.5,0.0,0.4,0.4,3,No
1038,2,7,20230501,,51,Male,Single,3,Technical Degree,Travel_Rarely,21,2,5220,23,1,No,3,4,2,3,3,3,5,3.8,3.4,0.7,1.4,0.9,1,No
1039,2,7,20160801,,26,Female,Divorced,5,Other,Travel_Rarely,15,1,2930,14,3,No,3,2,1,3,4,4,6,17.2,10.1,8.5,8.9,3.0,4,No
1040,2,8,20200301,20230401,37,Female,Married,3,Human Resources,Travel_Rarely,28,3,8930,23,0,Yes,3,1,4,2,3,3,1,11.7,6.5,6.1,5.5,4.6,3,Yes
1041,1,3,20190901,20230101,22,Female,Married,3,Technical Degree,Travel_Rarely,7,1,3060,11,1,No,1,4,4,3,3,3,6,11.8,7.0,2.5,2.1,0.5,4,Yes
1042,2,5,20170301,20171201,42,Male,Divorced,4,Marketing,Non-Travel,14,1,3060,21,3,No,3,1,4,2,1,4,5,12.5,9.6,3.3,1.7,1.9,5,Yes
1043,2,4,20130301,,40,Female,Married,2,Life Sciences,Non-Travel,4,1,3520,23,3,No,3,1,4,3,3,3,0,17.5,13.5,8.0,5.4,4.2,5,No
1044,2,7,20160401,20180301,53,Female,Divorced,3,Life Sciences,Travel_Rarely,29,2,7970,22,0,Yes,2,3,4,3,1,3,6,16.3,10.4,4.3,7.0,8.9,0,Yes
1045,2,4,20220601,20251101,35,Male,Divorced,3,Medical,Travel_Rarely,8,2,5820,11,0,No,2,1,3,1,3,3,6,8.3,4.3,3.9,3.7,1.4,1,Yes
1046,1,2,20221101,,37,Female,Divorced,3,Other,Travel_Rarely,9,1,3090,25,1,Yes,3,4,2,3,3,3,1,5.9,3.8,1.1,1.1,0.5,0,No
1047,2,7,20220101,,47,Female,Married,3,Technical Degree,Non-Travel,12,1,4440,23,0,No,3,2,4,4,4,3,1,5.4,4.7,1.0,1.7,2.4,1,No
1048,2,8,20250501,,56,Female,Married,4,Human Resources,Travel_Frequently,18,1,2310,23,1,No,4,4,3,2,3,3,0,7.9,1.4,0.7,1.0,0.9,1,No
1049,1,2,20131001,,58,Male,Married,4,Human Resources,Travel_Frequently,3,4,13460,20,3,No,2,4,1,3,3,3,1,13.6,12.9,11.5,9.9,9.4,6,No
1050,1,1,20230301,20250901,58,Male,Single,3,Life Sciences,Travel_Rarely,7,1,3480,21,0,Yes,2,1,1,2,2,3,5,7.4,3.6,0.7,0.3,0.3,2,Yes
1051,3,9,20170701,,26,Male,Single,5,Human Resources,Travel_Rarely,27,1,3360,25,0,No,3,4,2,3,2,4,3,12.1,9.2,5.1,6.1,2.9,6,No
1052,2,5,20241001,,42,Male,Single,3,Technical Degree,Travel_Frequently,24,2,4660,22,1,No,1,4,4,4,4,3,0,9.4,1.9,1.7,1.5,0.0,1,No
1053,1,3,20150501,20200801,28,Female,Divorced,3,Medical,Travel_Frequently,13,3,9520,17,3,Yes,1,2,2,3,4,3,2,18.8,11.4,1.7,1.0,9.2,0,Yes
1054,1,3,20160601,,43,Female,Single,3,Medical,Travel_Rarely,30,2,4400,20,1,No,2,4,3,4,2,3,5,10.7,10.3,2.1,1.5,0.5,2,No
1055,1,1,20150101,20170101,42,Male,Divorced,5,Medical,Travel_Frequently,27,1,3430,25,1,Yes,3,4,4,3,3,3,1,14.9,11.7,9.4,0.5,6.5,0,Yes
1056,3,9,20201001,,58,Female,Married,5,Technical Degree,Travel_Rarely,5,2,3620,19,1,Yes,3,4,3,3,4,4,2,7.5,5.9,0.6,2.3,3.7,4,No
1057,1,2,20231001,20250401,34,Female,Divorced,3,Life Sciences,Travel_Frequently,28,2,6500,20,0,Yes,3,4,1,3,1,3,0,10.1,3.0,0.4,1.8,2.7,1,Yes
1058,3,9,20131101,,58,Female,Divorced,3,Medical,Travel_Frequently,24,2,4970,15,0,Yes,3,3,4,4,3,3,3,15.2,12.9,0.9,9.2,1.6,0,No
1059,2,6,20260601,,35,Male,Divorced,3,Other,Travel_Rarely,24,3,7350,13,1,No,2,4,4,3,2,4,6,6.8,0.3,0.1,0.2,0.2,4,No
1060,3,9,20180401,,21,Male,Divorced,2,Medical,Travel_Rarely,22,2,6820,25,0,No,3,1,4,2,4,3,4,10.2,8.5,3.7,4.3,2.9,2,No
1061,3,10,20180801,,41,Female,Married,2,Medical,Travel_Frequently,11,1,2400,15,1,No,3,2,4,1,3,4,5,13.2,8.1,0.7,3.9,7.3,3,No
1062,1,3,20120101,20130301,48,Female,Married,4,Life Sciences,Travel_Rarely,14,1,3190,23,0,No,3,2,1,3,3,3,1,15.6,14.7,9.1,7.2,3.8,5,Yes
1063,3,10,20250401,,34,Female,Divorced,4,Human Resources,Travel_Rarely,19,2,5880,13,1,No,3,4,2,3,3,3,6,8.1,1.4,0.6,0.3,0.1,3,No
1064,3,10,20241001,,54,Female,Married,4,Other,Travel_Rarely,30,1,3610,24,2,No,4,3,2,3,3,3,6,8.3,1.9,1.7,1.8,0.5,5,No
1065,2,6,20181201,20200901,41,Female,Married,4,Technical Degree,Travel_Rarely,9,3,6550,18,0,No,3,4,3,3,4,3,3,9.8,7.8,1.2,3.1,4.8,0,Yes
1066,3,9,20230301,,43,Female,Married,4,Other,Travel_Frequently,24,3,9860,24,1,No,3,4,4,3,4,3,2,9.9,3.5,1.3,0.1,3.4,0,No
1067,2,7,20180501,,32,Female,Married,5,Medical,Travel_Rarely,20,1,2680,21,2,No,3,3,1,3,3,3,0,11.6,8.4,5.4,2.2,6.3,0,No
1068,2,5,20190101,,40,Male,Married,4,Human Resources,Travel_Rarely,22,2,5610,21,0,No,3,2,3,3,4,3,1,9.3,7.7,0.8,7.1,4.8,0,No
1069,2,6,20211201,,41,Female,Divorced,3,Human Resources,Travel_Rarely,4,2,3260,22,0,No,3,4,4,1,3,4,3,9.9,4.8,1.5,4.7,2.1,1,No
1070,1,2,20231101,,43,Male,Married,3,Human Resources,Travel_Rarely,15,3,7040,20,3,No,2,1,4,2,3,3,5,10.9,2.9,1.9,0.3,2.8,2,No
1071,2,8,20181201,,53,Female,Married,2,Marketing,Travel_Rarely,29,2,4870,14,2,No,3,4,2,1,4,3,3,10.0,7.8,7.5,4.9,2.4,6,No
1072,2,6,20240601,,52,Female,Married,5,Marketing,Travel_Frequently,9,1,2860,14,0,No,2,4,4,4,2,3,4,7.5,2.3,0.9,0.4,2.1,0,No
1073,2,5,20150801,,46,Female,Divorced,2,Other,Travel_Frequently,4,3,4040,19,1,No,3,2,4,3,2,3,1,16.5,11.1,5.4,9.0,9.1,4,No
1074,1,2,20251201,20260701,22,Male,Married,4,Marketing,Travel_Rarely,26,2,4100,18,1,No,3,2,3,2,1,4,3,6.1,0.8,0.0,0.1,0.6,1,Yes
1075,3,10,20180901,,36,Female,Married,4,Technical Degree,Travel_Frequently,23,2,4410,13,1,No,2,4,4,2,3,3,5,16.0,8.0,6.3,3.9,1.9,1,No
1076,1,2,20190901,,38,Male,Single,3,Human Resources,Travel_Frequently,30,2,5570,23,1,Yes,3,4,4,4,2,4,3,8.3,7.0,4.4,6.8,1.6,1,No
1077,1,1,20180601,,24,Female,Divorced,3,Other,Travel_Frequently,17,3,10480,17,0,Yes,3,4,4,3,4,3,3,14.5,8.3,3.6,3.0,6.8,4,No
1078,3,9,20231001,,45,Female,Divorced,2,Life Sciences,Travel_Rarely,6,1,4820,17,0,No,2,3,3,3,4,3,2,8.3,2.9,2.8,2.3,0.5,6,No
1079,2,5,20200701,,46,Female,Married,4,Marketing,Travel_Rarely,10,1,4010,19,1,No,3,4,1,3,3,3,6,9.2,6.2,2.3,1.3,2.3,0,No
1080,1,3,20240501,,24,Male,Divorced,4,Other,Travel_Rarely,4,4,15320,24,1,No,2,3,1,1,1,3,4,7.8,2.3,0.5,1.9,1.7,1,No
1081,2,6,20221101,,38,Male,Single,2,Life Sciences,Travel_Frequently,13,2,3900,11,3,No,3,3,1,3,4,3,3,8.2,3.9,3.6,0.0,0.0,5,No
1082,1,1,20250301,20260301,51,Female,Divorced,4,Technical Degree,Travel_Rarely,28,2,5670,21,0,No,3,4,2,2,4,3,2,6.7,1.6,0.3,0.2,0.2,6,Yes
1083,2,7,20121101,,37,Female,Married,2,Marketing,Travel_Rarely,1,4,13870,20,1,No,3,3,2,2,4,4,1,14.5,13.8,0.5,9.9,9.4,5,No
1084,2,8,20180401,,24,Male,Divorced,4,Life Sciences,Travel_Rarely,1,1,2480,16,3,No,1,2,4,3,4,3,4,13.0,8.5,0.8,3.4,4.6,1,No
1085,1,1,20260201,,29,Male,Single,3,Technical Degree,Non-Travel,27,1,3280,14,2,No,3,2,4,3,1,3,0,5.0,0.6,0.3,0.2,0.2,1,No
1086,2,6,20180301,,26,Female,Married,5,Marketing,Travel_Rarely,10,3,7050,12,0,Yes,3,2,3,3,4,3,1,13.2,8.6,6.6,6.1,1.1,3,No
1087,1,1,20150801,,35,Female,Divorced,2,Technical Degree,Travel_Rarely,30,2,6180,25,1,Yes,1,1,3,3,2,3,3,11.8,11.1,5.4,0.3,0.4,4,No
1088,2,4,20140201,,36,Female,Married,3,Human Resources,Travel_Frequently,1,1,3400,16,3,No,3,4,3,3,3,3,3,16.2,12.6,10.5,5.8,10.9,1,No
1089,2,8,20130801,,36,Male,Single,2,Medical,Travel_Frequently,29,5,15800,15,1,No,4,4,3,3,4,3,6,19.4,13.1,9.8,9.5,5.9,1,No
1090,3,9,20200201,20240301,26,Female,Married,4,Life Sciences,Travel_Frequently,23,3,10740,17,2,No,2,1,4,3,3,4,2,7.9,6.6,0.3,3.9,5.6,2,Yes
1091,2,7,20160601,,42,Female,Single,3,Human Resources,Travel_Rarely,22,1,3880,21,0,Yes,4,4,1,3,4,3,2,11.5,10.3,4.0,5.9,3.0,1,No
1092,2,7,20140501,,25,Male,Divorced,5,Medical,Travel_Rarely,12,3,8620,14,1,No,4,3,3,3,3,4,3,16.2,12.4,7.7,10.7,11.0,6,No
1093,2,8,20180801,20230301,25,Male,Single,4,Technical Degree,Non-Travel,18,3,9010,14,0,No,4,2,4,2,3,3,6,9.1,8.1,4.5,3.4,1.5,2,Yes
1094,1,1,20260801,,45,Female,Divorced,4,Medical,Travel_Frequently,11,2,6080,12,0,No,3,3,4,1,3,4,4,3.3,0.1,0.0,0.0,0.0,2,No
1095,3,9,20190101,20250501,42,Female,Divorced,4,Technical Degree,Travel_Rarely,1,2,7590,19,2,Yes,2,4,3,4,4,3,6,9.7,7.7,0.9,4.5,5.8,6,Yes
1096,2,7,20220801,,56,Female,Divorced,1,Technical Degree,Travel_Frequently,30,4,11830,12,1,No,3,2,3,3,2,3,1,4.4,4.1,3.0,3.9,0.7,4,No
1097,3,9,20241201,,51,Female,Single,3,Human Resources,Travel_Rarely,27,4,11220,12,0,Yes,2,4,3,3,3,3,3,3.8,1.8,0.3,0.6,0.7,0,No
1098,1,3,20230401,,54,Female,Married,4,Marketing,Non-Travel,24,2,5100,16,3,No,1,2,3,2,4,3,6,10.9,3.4,0.5,0.5,2.4,6,No
1099,2,7,20260401,,47,Male,Married,4,Marketing,Travel_Rarely,6,1,3170,19,3,No,3,4,4,4,2,3,3,6.7,0.5,0.2,0.2,0.3,2,No
1100,2,8,20140801,20170201,30,Male,Divorced,3,Human Resources,Travel_Rarely,20,1,3010,18,0,Yes,3,3,3,1,3,3,2,17.8,12.1,0.1,0.6,1.1,2,Yes
1101,3,10,20260101,,48,Female,Divorced,4,Technical Degree,Travel_Rarely,18,2,5610,20,0,No,1,2,3,2,3,3,6,5.6,0.7,0.2,0.4,0.0,1,No
1102,1,2,20211201,,42,Female,Married,2,Life Sciences,Travel_Frequently,15,4,16650,15,1,No,2,4,2,2,3,3,0,11.2,4.8,3.1,0.4,2.9,1,No
1103,1,3,20140601,,45,Male,Married,2,Human Resources,Travel_Frequently,24,3,7040,18,1,No,4,2,2,2,3,3,6,14.2,12.3,0.9,3.7,7.1,2,No
1104,2,8,20180301,20210701,54,Female,Single,5,Human Resources,Travel_Rarely,29,3,6600,11,2,No,3,3,4,2,4,3,6,11.4,8.5,0.9,7.7,6.4,5,Yes
1105,2,8,20250701,,58,Female,Single,1,Other,Travel_Rarely,14,4,10010,22,2,Yes,2,2,2,1,3,3,3,5.7,1.2,0.0,0.1,0.8,0,No
1106,1,2,20160301,,38,Male,Single,3,Other,Travel_Rarely,10,1,3700,24,0,No,3,4,4,3,3,3,6,12.5,10.6,10.0,1.2,4.9,4,No
1107,2,4,20131001,,42,Female,Married,2,Marketing,Travel_Rarely,14,4,10360,25,0,No,3,4,1,2,3,4,6,17.3,13.0,3.2,10.3,9.9,5,No
1108,2,4,20230601,,46,Female,Single,4,Life Sciences,Travel_Rarely,27,1,3280,24,1,No,2,3,3,4,4,3,0,8.1,3.3,0.1,0.1,3.2,5,No
1109,2,5,20130301,,32,Male,Single,4,Technical Degree,Travel_Frequently,9,1,3680,21,1,No,3,2,4,3,3,4,2,14.6,13.5,9.5,0.8,5.8,6,No
1110,2,6,20160501,,32,Female,Divorced,3,Other,Travel_Rarely,30,1,4560,14,1,No,4,2,2,2,2,3,1,11.9,10.3,8.5,8.5,1.0,1,No
1111,2,8,20220501,,37,Male,Divorced,3,Human Resources,Travel_Rarely,3,1,3420,24,0,No,3,3,3,3,3,3,0,10.1,4.4,2.0,0.2,1.0,2,No
1112,1,1,20191201,,38,Male,Single,4,Other,Travel_Rarely,12,1,2740,14,1,No,3,4,4,1,1,3,1,14.4,6.8,2.7,0.5,4.0,5,No
1113,2,6,20190901,,22,Female,Divorced,3,Other,Travel_Frequently,4,2,5540,12,2,No,3,4,2,3,3,4,5,11.9,7.0,1.8,5.3,0.5,3,No
1114,2,7,20140801,,28,Female,Single,4,Life Sciences,Non-Travel,25,2,4570,12,0,Yes,2,1,3,3,3,3,1,17.4,12.1,10.8,8.7,2.9,5,No
1115,2,8,20170301,,50,Male,Married,4,Medical,Non-Travel,3,3,7900,11,1,No,3,3,3,3,1,3,0,9.8,9.6,9.0,0.4,7.3,0,No
1116,2,7,20170701,,28,Female,Single,3,Human Resources,Travel_Frequently,12,4,13520,11,3,No,3,4,3,4,4,3,4,16.9,9.2,4.4,4.9,3.2,1,No
1117,1,3,20150901,20201001,54,Male,Single,5,Technical Degree,Travel_Rarely,28,1,3340,17,0,Yes,3,2,4,3,4,3,5,12.3,11.0,0.0,7.0,6.1,6,Yes
1118,3,9,20200401,20250301,59,Female,Single,3,Other,Travel_Rarely,19,2,6140,19,1,Yes,3,3,4,2,3,3,3,11.4,6.5,1.3,3.0,0.5,3,Yes
1119,1,1,20210101,20230401,43,Female,Married,5,Medical,Travel_Rarely,30,3,9740,16,0,Yes,3,2,4,3,3,3,3,13.1,5.7,0.5,0.3,3.6,5,Yes
1120,2,8,20170501,,56,Female,Single,4,Human Resources,Non-Travel,9,1,3730,16,3,No,2,2,4,4,2,4,6,10.3,9.4,2.7,4.5,1.4,4,No
1121,1,1,20160501,,57,Male,Divorced,3,Technical Degree,Travel_Rarely,7,3,8510,21,0,No,1,1,2,2,2,4,3,12.3,10.4,5.3,1.4,3.9,0,No
1122,2,5,20170501,20191201,27,Female,Divorced,5,Human Resources,Travel_Rarely,7,2,6200,23,0,No,2,2,4,3,1,3,4,11.8,9.3,2.5,7.0,1.4,1,Yes
1123,2,5,20240501,,23,Female,Married,3,Other,Travel_Frequently,4,4,15350,25,3,No,3,3,3,3,4,3,0,3.9,2.4,0.2,0.9,1.4,1,No
1124,2,8,20251101,20260701,54,Female,Married,4,Technical Degree,Travel_Rarely,20,2,7200,23,2,No,2,2,1,2,4,3,1,5.5,0.8,0.3,0.2,0.1,1,Yes
1125,2,4,20191201,,25,Male,Married,3,Medical,Travel_Frequently,2,2,4540,12,3,No,3,3,2,3,1,3,0,9.7,6.8,1.5,0.5,5.7,2,No
1126,1,2,20121101,20150401,53,Male,Single,4,Human Resources,Travel_Rarely,29,2,6400,19,1,No,3,2,4,2,1,3,5,14.9,13.9,4.4,13.2,13.3,6,Yes
1127,1,2,20181201,,56,Male,Married,5,Life Sciences,Travel_Rarely,19,1,2550,17,0,No,3,4,4,4,3,3,0,15.2,7.8,5.4,1.8,2.5,6,No
1128,3,9,20180901,,34,Male,Single,2,Medical,Travel_Rarely,11,2,5860,15,2,No,3,2,2,4,4,3,6,14.1,8.0,3.1,2.5,1.0,4,No
1129,3,10,20210201,,54,Female,Single,5,Human Resources,Travel_Rarely,6,2,5470,17,0,No,2,4,3,2,1,3,4,10.5,5.6,4.0,2.2,5.4,0,No
1130,2,7,20140901,,36,Male,Divorced,2,Life Sciences,Travel_Rarely,13,4,13210,11,0,Yes,3,4,3,3,4,3,1,16.9,12.1,7.8,3.6,9.5,5,No
1131,3,9,20160301,,58,Female,Divorced,3,Marketing,Travel_Frequently,15,1,3800,23,2,No,3,2,4,3,4,3,0,10.7,10.6,6.9,4.3,1.1,0,No
1132,1,2,20170301,,28,Male,Married,3,Life Sciences,Travel_Rarely,10,5,20720,16,0,Yes,3,3,2,2,3,3,0,16.3,9.6,9.5,2.7,0.2,4,No
1133,2,6,20151101,,44,Male,Single,5,Human Resources,Travel_Frequently,29,1,2440,20,0,No,3,4,2,3,1,3,1,17.1,10.9,0.3,2.3,2.6,3,No
1134,2,8,20191101,,36,Male,Married,5,Medical,Travel_Rarely,30,3,6670,23,1,No,3,3,4,4,2,3,5,13.0,6.9,4.8,1.1,3.5,6,No
1135,2,7,20241101,20250501,56,Female,Divorced,3,Life Sciences,Travel_Frequently,16,2,6470,16,0,No,3,3,2,2,3,3,0,9.7,1.8,1.7,0.5,0.4,5,Yes
1136,2,6,20220601,,22,Female,Divorced,3,Human Resources,Travel_Frequently,18,2,5100,12,3,No,3,3,2,3,4,3,1,11.8,4.3,1.6,1.1,1.3,5,No
1137,1,3,20170901,20180801,51,Male,Divorced,5,Human Resources,Travel_Frequently,21,1,3710,11,0,Yes,3,4,4,2,4,3,4,16.6,9.0,5.2,1.4,2.9,6,Yes
1138,2,7,20201201,,25,Female,Single,3,Human Resources,Travel_Frequently,1,3,7800,19,0,Yes,3,3,2,4,4,3,0,13.4,5.7,4.3,3.6,0.5,6,No
1139,3,9,20211001,,46,Female,Single,4,Medical,Travel_Frequently,15,1,4330,16,3,No,3,1,1,4,4,3,5,5.6,5.0,1.3,1.3,0.6,1,No
1140,1,1,20170901,,47,Male,Single,4,Human Resources,Travel_Frequently,8,1,3140,17,0,No,2,3,3,3,2,4,5,15.6,9.0,1.1,3.5,5.7,4,No
1141,2,7,20230501,,50,Female,Married,4,Life Sciences,Travel_Rarely,11,4,15890,23,0,Yes,3,1,3,3,3,3,1,5.2,3.4,2.0,0.2,1.9,6,No
1142,2,6,20170501,,31,Male,Married,5,Medical,Travel_Frequently,24,3,11070,22,1,No,3,4,4,1,4,3,1,15.5,9.4,2.4,6.4,2.6,0,No
1143,1,1,20240901,,59,Male,Married,3,Human Resources,Travel_Rarely,25,2,6820,19,1,No,3,2,3,1,2,3,6,8.7,2.0,0.6,0.7,1.3,2,No
1144,2,4,20171001,20211101,50,Male,Single,2,Technical Degree,Non-Travel,26,2,4390,16,1,Yes,3,4,3,2,3,4,2,12.2,9.0,0.2,1.3,2.9,4,Yes
1145,2,8,20120301,,58,Female,Married,3,Life Sciences,Non-Travel,22,2,5640,22,1,Yes,2,3,4,3,3,3,0,21.0,14.5,3.7,6.5,9.9,2,No
1146,2,5,20140601,,31,Male,Single,4,Life Sciences,Travel_Rarely,19,2,5430,21,1,No,3,2,4,4,4,3,4,12.6,12.3,4.9,3.1,9.1,3,No
1147,3,9,20210701,,54,Male,Single,4,Medical,Non-Travel,1,1,2380,19,0,No,3,2,4,3,4,3,2,10.9,5.2,5.1,4.0,1.5,5,No
1148,2,4,20190401,20240601,46,Female,Single,4,Medical,Travel_Frequently,2,2,4220,22,1,No,2,1,3,2,3,3,2,10.2,7.4,0.7,5.2,0.1,3,Yes
1149,1,3,20111201,,29,Male,Married,2,Life Sciences,Non-Travel,27,1,2190,20,0,No,3,3,4,3,4,3,5,19.0,14.8,0.0,13.4,9.9,3,No
1150,2,4,20140201,,28,Female,Married,3,Human Resources,Travel_Rarely,9,1,3480,11,0,No,3,2,3,1,3,3,0,16.4,12.6,8.5,0.1,2.6,5,No
1151,1,1,20170701,20190601,27,Female,Divorced,2,Other,Non-Travel,5,1,4260,21,1,Yes,3,3,4,3,4,3,4,11.6,9.2,5.3,3.8,6.4,0,Yes
1152,2,6,20230901,,44,Male,Divorced,4,Medical,Travel_Rarely,15,2,5570,14,0,No,2,1,4,3,3,3,6,8.4,3.1,3.0,2.9,1.0,2,No
1153,2,4,20190401,,59,Female,Single,2,Life Sciences,Travel_Rarely,15,2,5630,12,3,No,2,3,4,1,4,3,6,13.7,7.5,6.1,2.4,5.1,4,No
1154,3,9,20190901,,21,Female,Single,3,Human Resources,Travel_Frequently,11,3,8890,21,1,No,3,2,2,3,3,3,2,13.6,7.0,0.9,4.3,6.3,3,No
1155,3,10,20130501,,26,Male,Divorced,4,Medical,Travel_Rarely,5,1,3290,12,3,No,1,3,4,3,3,3,3,19.8,13.4,3.0,9.5,10.2,0,No
1156,1,2,20220201,,43,Male,Single,4,Life Sciences,Travel_Rarely,15,3,6190,13,1,No,3,4,3,3,1,4,4,7.6,4.6,2.4,3.6,0.3,3,No
1157,1,2,20120401,,28,Male,Divorced,4,Human Resources,Travel_Rarely,30,2,7150,24,0,No,3,3,3,3,3,3,0,18.2,14.4,12.7,12.2,1.8,4,No
1158,3,9,20201101,,60,Female,Divorced,2,Other,Travel_Rarely,29,2,6020,18,0,No,3,3,4,4,4,3,0,12.1,5.9,5.7,2.8,4.1,2,No
1159,2,6,20250901,,50,Female,Married,2,Marketing,Travel_Rarely,25,1,3310,24,0,No,3,4,1,4,2,3,1,4.7,1.1,0.6,0.9,0.8,5,No
1160,2,4,20131201,,60,Female,Divorced,4,Other,Travel_Rarely,28,2,7180,14,3,No,3,3,4,3,3,3,3,18.7,12.8,5.9,7.8,10.0,6,No
1161,2,5,20160901,20190601,23,Female,Divorced,2,Medical,Non-Travel,30,4,12780,21,0,No,3,2,3,2,2,3,3,15.2,10.0,1.0,6.9,4.7,2,Yes
1162,2,4,20250901,20251201,47,Female,Single,3,Human Resources,Travel_Rarely,13,1,3320,14,0,No,3,2,1,3,2,3,6,6.9,1.1,0.2,0.8,1.1,0,Yes
1163,2,4,20121201,,38,Female,Married,3,Life Sciences,Travel_Rarely,15,1,3360,17,0,No,2,2,4,2,4,3,2,16.4,13.8,0.5,3.4,4.9,2,No
1164,2,7,20111001,20200701,28,Male,Single,3,Human Resources,Travel_Frequently,27,1,3180,22,0,No,4,2,1,4,3,3,6,19.8,15.0,14.3,2.2,10.2,5,Yes
1165,2,5,20260701,,39,Female,Divorced,3,Other,Travel_Rarely,5,1,3170,18,1,No,3,4,2,3,2,3,4,7.7,0.2,0.1,0.1,0.2,3,No
1166,2,4,20251101,,57,Male,Married,4,Other,Travel_Rarely,22,3,8650,17,2,No,3,2,4,2,3,3,4,1.1,0.9,0.2,0.7,0.2,2,No
1167,2,7,20160401,,27,Female,Divorced,3,Life Sciences,Non-Travel,7,1,3150,17,1,No,4,4,3,3,3,3,1,10.7,10.5,7.6,10.0,7.1,1,No
1168,2,4,20180301,,58,Male,Divorced,2,Human Resources,Non-Travel,3,4,13570,11,2,Yes,4,1,1,2,3,3,1,14.9,8.6,5.2,1.0,7.3,1,No
1169,1,1,20140701,,41,Female,Divorced,3,Human Resources,Non-Travel,7,3,6160,22,0,Yes,1,4,3,3,1,3,1,16.5,12.2,5.4,2.0,6.7,3,No
1170,2,6,20150801,,53,Female,Single,4,Other,Travel_Rarely,29,1,3100,13,1,No,2,4,2,3,2,3,0,14.4,11.1,9.4,4.6,7.7,5,No
1171,2,8,20130101,,56,Female,Single,1,Technical Degree,Travel_Frequently,3,2,4410,25,0,Yes,2,3,1,3,3,4,0,15.9,13.7,4.4,6.4,10.6,3,No
1172,1,2,20181201,,45,Female,Single,1,Technical Degree,Travel_Rarely,24,2,5500,11,2,No,1,4,3,3,4,4,0,9.3,7.7,3.8,5.0,7.2,4,No
1173,1,2,20231101,20231201,30,Female,Divorced,2,Human Resources,Travel_Rarely,12,1,3740,12,1,No,2,3,4,3,3,3,5,9.8,2.8,2.1,2.8,0.4,5,Yes
1174,3,9,20151101,,46,Female,Single,2,Marketing,Non-Travel,8,5,13850,20,0,Yes,3,3,4,3,2,3,2,14.5,10.8,1.1,10.2,5.1,0,No
1175,1,2,20160201,,26,Male,Divorced,2,Life Sciences,Travel_Rarely,12,1,3040,21,2,Yes,3,4,3,1,1,3,5,11.0,10.6,1.1,5.9,3.8,4,No
1176,2,8,20111201,,44,Female,Married,3,Other,Travel_Rarely,28,2,6590,15,0,No,3,2,3,3,3,3,3,20.1,14.8,13.9,9.5,12.8,5,No
1177,1,1,20211201,,39,Male,Married,2,Marketing,Non-Travel,29,1,4720,23,0,No,3,3,4,3,4,3,2,8.3,4.8,0.2,3.8,3.3,3,No
1178,1,2,20240901,,45,Male,Divorced,3,Marketing,Travel_Rarely,20,2,4420,12,0,No,3,1,1,4,4,3,2,8.6,2.1,1.0,1.3,0.1,1,No
1179,1,1,20131201,,43,Female,Married,3,Marketing,Travel_Rarely,5,3,11050,12,1,No,1,4,3,3,1,3,6,17.7,12.8,7.1,2.7,3.3,3,No
1180,3,9,20241201,20251201,60,Female,Divorced,4,Medical,Non-Travel,22,3,10590,21,0,No,4,3,4,1,2,3,1,3.7,1.8,1.5,0.7,0.9,3,Yes
1181,3,10,20200101,20221101,52,Male,Single,4,Marketing,Travel_Frequently,18,3,8850,23,2,No,3,4,3,3,3,3,3,11.1,6.7,1.1,3.8,5.8,2,Yes
1182,2,8,20160101,,27,Female,Divorced,5,Human Resources,Travel_Rarely,11,3,8930,16,2,No,3,4,3,4,4,3,3,18.6,10.7,9.4,0.9,4.6,4,No
1183,3,10,20190401,,50,Female,Married,3,Marketing,Travel_Rarely,4,4,16590,22,3,No,3,4,1,2,3,3,1,11.6,7.5,6.6,5.7,7.2,3,No
1184,1,2,20150101,,58,Male,Married,4,Technical Degree,Travel_Rarely,10,1,4220,22,2,No,3,1,4,4,3,3,4,16.5,11.7,1.3,9.8,9.8,1,No
1185,2,4,20121101,,24,Female,Single,3,Other,Non-Travel,23,2,5270,14,2,Yes,4,2,4,3,4,3,3,15.8,13.8,0.4,4.4,3.2,4,No
1186,1,3,20250401,,39,Female,Married,3,Marketing,Non-Travel,18,2,6210,18,1,No,3,4,3,2,4,3,5,7.9,1.5,0.2,0.9,0.3,6,No
1187,3,9,20200101,,46,Female,Single,3,Marketing,Travel_Rarely,11,4,15450,19,0,Yes,3,4,2,4,2,3,5,7.3,6.7,6.2,1.1,5.7,5,No
1188,2,5,20160801,,32,Male,Divorced,5,Human Resources,Travel_Frequently,6,2,4890,24,3,No,2,4,4,2,2,3,1,17.3,10.2,3.3,0.5,0.8,6,No
1189,2,7,20151101,20171201,54,Female,Married,4,Medical,Travel_Rarely,16,2,5330,14,0,Yes,3,4,3,2,2,4,6,15.3,10.9,1.5,10.3,7.7,5,Yes
1190,3,9,20120501,,35,Male,Married,4,Other,Travel_Frequently,5,4,13390,18,1,No,3,1,2,2,3,3,1,20.0,14.4,6.9,4.9,6.1,3,No
1191,1,3,20231001,,50,Male,Divorced,4,Other,Travel_Rarely,6,1,3150,16,0,No,4,3,4,3,2,3,0,4.3,2.9,1.0,2.7,1.3,3,No
1192,2,8,20140201,,23,Female,Single,3,Life Sciences,Travel_Frequently,10,2,4940,14,1,No,4,4,2,3,2,4,5,16.9,12.6,12.0,4.5,7.4,4,No
1193,2,5,20220801,,48,Female,Divorced,3,Medical,Travel_Rarely,18,3,10710,17,2,No,2,3,4,3,3,3,4,9.1,4.1,0.3,2.8,1.2,1,No
1194,1,1,20190501,,52,Female,Single,3,Other,Travel_Frequently,19,3,8910,14,1,No,3,1,4,2,2,3,6,9.0,7.3,0.6,6.9,0.3,4,No
1195,2,6,20240101,,56,Male,Single,4,Human Resources,Travel_Rarely,15,2,4930,23,1,Yes,4,4,3,3,3,3,1,5.6,2.7,0.6,1.2,2.3,4,No
1196,2,5,20131101,,43,Female,Married,3,Human Resources,Travel_Rarely,21,2,5680,21,0,No,2,3,4,4,2,3,5,15.9,12.9,4.7,11.5,4.2,1,No
1197,1,3,20230601,20240801,41,Male,Divorced,4,Other,Travel_Rarely,17,3,7460,24,0,Yes,3,2,2,4,3,3,4,9.8,3.3,0.2,1.5,2.2,2,Yes
1198,1,1,20201001,,29,Female,Divorced,4,Technical Degree,Travel_Frequently,7,2,6030,24,0,No,3,1,2,4,4,3,2,9.7,6.0,0.2,4.4,3.3,5,No
1199,3,10,20260201,20260501,33,Female,Single,4,Marketing,Travel_Frequently,12,3,7290,20,1,No,3,2,4,3,2,3,4,5.2,0.6,0.1,0.5,0.1,5,Yes
1200,2,6,20130401,,40,Female,Single,3,Life Sciences,Travel_Frequently,8,2,6530,16,1,Yes,2,3,4,3,2,3,5,14.1,13.4,13.0,1.5,10.7,4,No
1201,1,3,20240101,,52,Male,Married,2,Medical,Travel_Rarely,3,1,2920,19,0,No,3,4,1,3,3,3,5,3.9,2.7,2.1,1.7,2.4,3,No
1202,2,5,20240301,,44,Male,Single,4,Life Sciences,Travel_Rarely,11,2,7400,24,1,No,2,4,2,3,4,3,5,7.9,2.5,2.2,0.1,0.4,0,No
1203,1,2,20140501,,51,Male,Single,3,Other,Travel_Rarely,2,4,15860,23,0,No,3,4,2,3,3,3,6,19.6,12.4,1.1,1.4,6.3,3,No
1204,3,9,20150701,,51,Female,Married,4,Life Sciences,Travel_Rarely,8,2,6530,22,0,Yes,3,4,4,4,3,3,5,14.8,11.2,8.4,1.7,7.9,5,No
1205,1,1,20131001,20241201,41,Female,Single,4,Medical,Travel_Rarely,1,2,4410,24,3,No,3,3,4,2,4,3,6,17.8,12.9,11.1,2.7,5.5,3,Yes
1206,1,2,20250301,20260701,41,Male,Single,3,Human Resources,Travel_Rarely,28,3,9690,16,2,Yes,3,2,4,3,3,3,1,3.8,1.6,0.1,0.7,0.4,5,Yes
1207,2,6,20141101,,59,Male,Divorced,2,Technical Degree,Travel_Rarely,11,2,5980,20,2,No,4,4,4,4,4,3,5,18.7,11.9,3.9,6.4,8.2,1,No
1208,2,4,20140501,,48,Female,Divorced,5,Human Resources,Non-Travel,8,1,3200,22,0,No,2,3,2,3,4,3,1,18.1,12.4,2.4,10.9,10.4,5,No
1209,2,5,20230901,,27,Female,Single,4,Technical Degree,Travel_Rarely,16,1,2890,19,0,No,3,2,4,3,2,3,1,3.3,3.0,0.7,1.4,1.0,2,No
1210,2,7,20240501,,25,Male,Married,3,Human Resources,Non-Travel,20,3,9510,11,2,Yes,3,4,2,4,4,3,0,4.9,2.4,2.2,2.1,2.1,3,No
1211,2,4,20200901,,45,Female,Single,3,Technical Degree,Travel_Rarely,9,3,7540,17,0,No,2,1,1,3,3,4,5,12.6,6.1,1.2,5.4,4.1,1,No
1212,1,3,20231101,,35,Female,Divorced,5,Technical Degree,Travel_Frequently,7,2,6310,19,0,No,3,1,3,4,3,3,5,8.4,2.9,1.9,2.1,2.2,6,No
1213,2,5,20180701,,22,Male,Married,5,Other,Travel_Rarely,29,4,13260,21,0,No,2,4,4,4,1,3,6,8.5,8.2,0.9,1.5,6.6,1,No
1214,3,10,20220801,20220901,42,Female,Divorced,3,Life Sciences,Travel_Rarely,10,1,4260,22,2,Yes,3,4,4,4,2,3,3,8.9,4.1,1.5,1.2,3.1,4,Yes
1215,1,2,20191001,20241101,47,Male,Divorced,3,Technical Degree,Travel_Rarely,11,3,8040,24,0,No,2,4,3,3,3,3,4,10.7,7.0,4.6,2.0,5.3,0,Yes
1216,1,1,20200401,20240401,50,Male,Single,4,Other,Travel_Rarely,28,5,14800,20,0,Yes,2,4,4,2,4,3,5,11.6,6.5,2.2,2.6,0.5,6,Yes
1217,1,3,20140801,,55,Male,Divorced,3,Medical,Travel_Frequently,4,1,3970,17,0,No,3,4,1,1,3,3,4,18.6,12.1,8.6,10.4,8.0,5,No
1218,1,2,20130401,,54,Female,Single,4,Other,Non-Travel,14,1,4120,17,0,Yes,3,3,4,4,4,3,4,15.6,13.4,12.5,12.5,6.5,6,No
1219,2,6,20150901,,40,Male,Divorced,4,Marketing,Travel_Frequently,25,3,8900,21,1,No,2,4,4,3,1,3,4,12.8,11.1,8.1,8.5,5.7,4,No
1220,1,3,20230201,20240601,42,Male,Single,5,Marketing,Travel_Frequently,25,2,10220,20,0,Yes,3,3,4,2,3,4,4,4.3,3.6,2.3,2.8,3.0,6,Yes
1221,3,10,20141001,,44,Female,Single,3,Technical Degree,Travel_Rarely,24,3,8490,11,0,No,3,3,4,3,3,3,1,13.1,12.0,1.3,8.6,9.9,5,No
1222,2,7,20251101,20260401,58,Male,Single,3,Life Sciences,Travel_Rarely,22,2,3600,22,0,No,3,3,4,3,3,4,2,5.5,0.9,0.8,0.5,0.2,6,Yes
1223,2,6,20171001,,46,Female,Married,3,Medical,Non-Travel,19,2,4350,23,0,Yes,2,4,4,1,3,3,4,11.9,9.0,2.5,7.0,4.6,4,No
1224,2,4,20201201,20220901,24,Male,Single,3,Other,Non-Travel,30,1,4120,18,2,No,3,4,1,3,2,3,1,8.6,5.8,5.5,2.2,2.6,2,Yes
1225,2,5,20231101,20251201,50,Female,Divorced,3,Technical Degree,Travel_Frequently,2,2,5860,22,3,No,3,4,2,3,2,4,4,5.6,2.9,1.6,1.4,1.8,1,Yes
1226,2,7,20210901,20240401,31,Male,Married,4,Medical,Non-Travel,26,2,4920,23,1,Yes,3,1,3,3,2,3,0,9.0,5.0,0.9,1.7,2.9,0,Yes
1227,1,1,20220301,,38,Male,Single,4,Medical,Travel_Rarely,12,3,9760,18,2,No,3,1,3,3,3,3,1,10.0,4.5,2.8,2.4,3.6,5,No
1228,1,2,20260401,20260601,51,Female,Divorced,3,Other,Travel_Rarely,10,3,9220,12,0,No,3,3,2,3,2,3,5,7.6,0.5,0.3,0.2,0.2,2,Yes
1229,2,8,20220101,,33,Female,Divorced,3,Human Resources,Travel_Frequently,2,2,6440,25,1,Yes,3,2,2,3,1,3,5,6.8,4.7,4.5,2.5,2.6,4,No
1230,3,10,20251201,,47,Female,Married,4,Life Sciences,Travel_Rarely,13,3,7580,17,1,No,2,2,3,1,2,3,5,1.8,0.8,0.0,0.3,0.7,5,No
1231,2,4,20260801,20260901,30,Female,Divorced,2,Human Resources,Travel_Rarely,4,2,3750,18,0,No,3,4,2,3,3,4,3,1.9,0.1,0.0,0.0,0.1,2,Yes
1232,2,6,20120101,,39,Female,Married,4,Technical Degree,Non-Travel,24,1,3940,13,1,No,4,4,3,3,3,4,0,17.6,14.7,1.1,0.9,7.2,2,No
1233,2,8,20150501,20250601,34,Male,Single,3,Other,Travel_Rarely,26,1,2810,19,0,Yes,3,4,4,2,4,3,5,15.0,11.4,6.4,6.8,0.7,2,Yes
1234,3,9,20121101,20190501,57,Male,Divorced,3,Technical Degree,Non-Travel,27,1,2900,14,1,No,4,2,4,3,3,3,6,16.8,13.9,13.1,1.3,13.8,4,Yes
1235,2,6,20131001,,52,Male,Divorced,3,Marketing,Travel_Rarely,25,1,3360,22,0,No,3,3,4,3,3,4,1,19.7,13.0,3.3,6.4,2.8,4,No
1236,3,9,20140701,,40,Female,Married,3,Life Sciences,Non-Travel,27,1,2000,14,1,No,3,4,1,2,3,3,2,16.2,12.2,11.9,3.3,9.9,4,No
1237,2,7,20210901,,38,Female,Divorced,2,Other,Travel_Rarely,4,1,3110,14,1,Yes,1,3,1,2,2,3,4,7.5,5.1,4.5,1.8,2.7,3,No
1238,2,5,20161001,,58,Male,Single,3,Technical Degree,Travel_Frequently,14,1,3320,23,0,Yes,4,2,3,3,3,4,5,12.2,10.0,4.3,9.1,1.2,4,No
1239,3,9,20141201,,25,Male,Single,2,Marketing,Travel_Rarely,22,1,3280,22,0,No,4,2,2,4,2,3,3,16.6,11.8,2.5,4.4,10.0,0,No
1240,1,1,20240701,,25,Male,Married,4,Marketing,Travel_Frequently,26,1,3690,20,2,Yes,2,4,3,3,1,3,5,9.9,2.2,0.2,0.8,0.1,0,No
1241,3,10,20161201,,35,Female,Divorced,2,Technical Degree,Travel_Rarely,5,1,3770,24,1,No,3,4,4,3,3,4,5,16.2,9.8,4.8,4.7,5.3,0,No
1242,1,2,20220401,,30,Male,Single,2,Medical,Travel_Frequently,25,1,4130,11,3,No,3,3,4,4,3,3,6,6.7,4.5,1.6,4.3,0.2,4,No
1243,1,3,20240401,,49,Female,Divorced,3,Life Sciences,Travel_Frequently,24,1,3230,17,1,Yes,4,4,3,3,1,3,3,3.0,2.5,2.3,2.4,0.5,4,No
1244,1,2,20120301,,55,Male,Single,4,Other,Travel_Rarely,6,2,5840,22,1,No,3,4,1,3,2,3,1,20.8,14.6,12.8,9.0,8.9,2,No
1245,2,6,20130101,,59,Female,Divorced,4,Other,Travel_Rarely,4,2,3030,16,0,No,2,1,4,4,4,3,5,21.7,13.7,11.2,11.6,12.1,0,No
1246,2,5,20170701,,27,Male,Married,4,Marketing,Travel_Frequently,9,3,7320,24,0,Yes,3,2,2,4,1,3,3,15.9,9.2,8.1,6.5,6.4,4,No
1247,2,6,20160501,,53,Male,Married,4,Medical,Travel_Rarely,30,2,6240,20,3,No,1,1,3,1,3,3,4,12.4,10.3,4.1,6.1,2.3,6,No
1248,2,8,20120801,,48,Male,Married,4,Medical,Travel_Frequently,7,2,5690,24,3,Yes,3,3,3,2,4,3,4,18.5,14.2,6.4,10.7,8.6,3,No
1249,2,6,20130101,,58,Male,Single,3,Other,Non-Travel,24,2,5600,19,0,No,3,3,3,4,4,3,3,20.2,13.7,13.1,1.2,10.4,3,No
1250,1,2,20150801,,46,Female,Married,4,Medical,Travel_Frequently,5,3,7190,13,0,Yes,2,4,2,2,4,3,6,17.7,11.1,3.3,1.8,10.0,0,No
1251,3,9,20160701,,60,Female,Divorced,4,Technical Degree,Non-Travel,12,4,11060,14,1,No,3,3,3,2,4,3,1,11.6,10.2,3.7,8.7,3.5,2,No
1252,2,4,20260701,20260901,30,Male,Divorced,4,Other,Travel_Frequently,8,3,10790,15,3,No,3,1,4,4,3,3,2,5.0,0.2,0.2,0.2,0.1,4,Yes
1253,2,4,20191101,20240701,50,Female,Divorced,2,Human Resources,Non-Travel,3,2,4130,22,1,Yes,3,4,4,4,3,3,4,7.3,6.9,1.0,6.4,2.9,2,Yes
1254,2,6,20150501,,50,Female,Single,3,Other,Non-Travel,7,1,2850,19,3,No,2,4,4,4,2,3,6,15.2,11.4,11.1,8.8,9.9,5,No
1255,2,6,20141101,,33,Female,Single,4,Life Sciences,Travel_Rarely,12,3,10020,13,0,Yes,2,3,3,4,4,3,1,17.3,11.9,9.0,6.6,3.9,4,No
1256,2,8,20160801,20260201,40,Female,Divorced,4,Other,Non-Travel,27,3,12110,17,1,No,3,1,4,3,3,3,1,10.7,10.1,6.7,0.6,4.8,5,Yes
1257,2,5,20231201,,26,Female,Married,1,Medical,Travel_Rarely,28,4,11440,15,3,No,2,3,3,3,4,3,1,2.9,2.8,1.1,0.8,0.8,2,No
1258,2,4,20121101,,38,Female,Single,3,Human Resources,Travel_Rarely,8,2,6380,18,0,Yes,3,4,4,3,3,3,6,17.6,13.9,1.3,10.4,10.4,4,No
1259,2,8,20230901,,53,Female,Single,5,Other,Travel_Rarely,30,1,3830,11,3,Yes,2,1,2,2,3,3,1,3.9,3.0,1.7,0.5,1.8,0,No
1260,2,8,20190801,20241001,21,Female,Married,4,Medical,Travel_Rarely,15,2,4750,24,1,No,1,1,3,3,4,3,6,13.0,7.1,6.2,6.2,3.7,3,Yes
1261,2,7,20220801,,29,Male,Divorced,2,Medical,Travel_Frequently,17,5,21220,15,2,No,2,2,4,3,2,3,1,10.4,4.1,2.6,0.5,2.4,2,No
1262,2,6,20251001,,58,Female,Divorced,4,Medical,Travel_Rarely,8,1,3830,21,3,Yes,2,2,4,2,4,3,2,8.1,0.9,0.4,0.9,0.0,0,No
1263,2,5,20220801,,48,Female,Single,5,Medical,Non-Travel,25,1,2860,23,0,No,3,3,1,3,2,3,5,5.1,4.2,3.7,3.1,2.0,2,No
1264,3,9,20150601,20241101,44,Female,Single,4,Life Sciences,Travel_Rarely,23,2,3240,13,1,No,3,3,3,3,2,3,3,15.9,11.3,2.2,1.2,8.6,3,Yes
1265,2,5,20181101,20200301,26,Female,Married,2,Human Resources,Travel_Rarely,10,3,9110,20,1,Yes,3,3,3,3,1,3,5,9.6,7.8,6.3,4.3,7.5,0,Yes
1266,2,6,20220301,,40,Male,Married,2,Marketing,Travel_Frequently,20,1,2900,22,1,Yes,3,4,3,4,4,3,2,7.8,4.5,1.1,2.8,3.4,5,No
1267,2,5,20111001,,59,Male,Married,3,Technical Degree,Travel_Rarely,13,5,16040,11,2,No,3,3,3,2,2,3,3,22.3,14.9,5.7,9.1,8.5,6,No
1268,3,10,20160201,,49,Male,Married,4,Marketing,Travel_Rarely,7,4,11820,18,0,Yes,2,2,4,1,4,3,5,11.4,10.6,8.9,6.8,3.8,1,No
1269,1,3,20170701,,47,Male,Divorced,3,Technical Degree,Travel_Frequently,2,2,4980,16,1,No,4,3,4,4,3,3,3,13.3,9.2,6.3,8.0,6.3,5,No
1270,2,7,20220201,,38,Female,Married,2,Life Sciences,Travel_Frequently,12,3,6960,23,0,No,3,3,4,3,2,3,6,5.8,4.6,1.8,2.3,2.0,2,No
1271,1,2,20160901,,43,Female,Divorced,3,Other,Travel_Rarely,25,2,6190,19,1,No,3,4,3,2,2,3,1,17.3,10.0,8.6,6.5,7.2,2,No
1272,2,4,20251201,,49,Female,Married,4,Human Resources,Travel_Rarely,18,2,6750,14,0,No,3,2,3,2,4,3,1,7.0,0.8,0.4,0.0,0.2,2,No
1273,1,1,20200601,,51,Male,Married,2,Medical,Travel_Frequently,9,1,4100,13,0,No,3,4,3,3,2,4,6,6.9,6.2,0.0,5.5,1.4,3,No
1274,2,7,20211001,,38,Female,Married,1,Other,Travel_Rarely,16,1,3470,13,2,Yes,3,4,2,4,1,3,6,11.8,5.0,4.8,4.5,1.0,1,No
1275,2,7,20130401,,23,Female,Divorced,4,Life Sciences,Travel_Rarely,21,2,7470,11,0,No,2,2,2,4,3,3,3,16.1,13.5,5.3,13.2,3.5,3,No
1276,2,4,20120401,,42,Male,Married,4,Other,Travel_Rarely,17,2,5450,18,0,No,2,4,4,3,1,3,5,20.0,14.5,5.9,2.7,6.8,1,No
1277,2,7,20150801,20240901,27,Male,Divorced,2,Life Sciences,Travel_Frequently,4,5,21180,17,3,No,3,2,4,3,1,3,2,14.8,11.1,4.0,7.2,5.8,6,Yes
1278,2,7,20150701,,44,Male,Single,3,Technical Degree,Travel_Rarely,17,2,5100,14,2,No,2,3,4,3,3,4,5,11.5,11.2,5.1,2.3,6.0,5,No
1279,1,1,20150201,,39,Female,Divorced,3,Medical,Travel_Frequently,8,3,8890,22,3,No,3,4,2,3,4,4,6,12.1,11.6,0.1,1.4,5.2,2,No
1280,3,9,20220301,,56,Female,Divorced,3,Human Resources,Travel_Rarely,28,1,2780,17,1,No,3,1,3,2,4,3,2,12.6,4.6,4.5,0.2,2.9,1,No
1281,3,10,20130301,,60,Female,Married,3,Medical,Travel_Rarely,1,1,2570,23,0,No,3,4,4,3,2,3,3,20.2,13.6,2.2,3.3,11.6,0,No
1282,3,10,20190501,,43,Male,Single,5,Human Resources,Non-Travel,2,3,7320,17,3,No,2,4,2,4,4,3,4,7.4,7.4,2.2,1.5,4.9,1,No
1283,1,1,20211001,,43,Female,Divorced,4,Marketing,Travel_Frequently,19,4,15590,16,1,No,2,3,1,4,3,3,3,12.3,5.0,1.8,3.8,2.4,6,No
1284,3,9,20240601,,29,Female,Married,3,Medical,Travel_Rarely,17,3,10840,12,0,No,3,1,1,3,3,3,5,6.3,2.3,0.4,0.8,1.5,6,No
1285,2,6,20240501,,40,Female,Divorced,3,Human Resources,Travel_Rarely,19,4,15160,19,1,No,3,2,4,1,4,3,4,7.8,2.4,0.8,2.0,1.8,6,No
1286,2,6,20211201,,43,Female,Divorced,4,Other,Travel_Frequently,5,2,4160,23,0,No,3,4,3,4,2,3,4,7.7,4.8,1.6,2.5,4.1,1,No
1287,1,2,20200301,,29,Male,Divorced,2,Technical Degree,Non-Travel,16,1,2930,15,1,Yes,2,4,3,4,4,3,4,12.5,6.6,5.4,1.6,3.9,0,No
1288,1,3,20240101,,33,Female,Married,4,Other,Travel_Frequently,14,2,6320,23,0,No,2,4,4,4,3,3,1,3.9,2.7,1.0,0.6,2.4,3,No
1289,1,2,20200601,,39,Female,Single,4,Other,Travel_Rarely,12,1,3070,16,2,No,3,3,2,2,4,4,2,7.1,6.3,5.7,4.0,0.3,5,No
1290,2,6,20121101,,51,Female,Married,2,Human Resources,Non-Travel,14,1,3720,14,0,No,2,4,4,3,4,3,0,16.6,13.8,0.1,13.6,10.3,5,No
1291,3,10,20250801,20260301,35,Male,Married,3,Human Resources,Travel_Rarely,2,5,26270,19,0,No,3,4,1,3,4,3,5,7.3,1.1,0.7,1.1,1.0,0,Yes
1292,2,4,20251101,,32,Male,Single,3,Technical Degree,Travel_Frequently,14,2,3600,13,3,Yes,3,4,3,3,3,4,1,5.7,0.8,0.2,0.5,0.2,0,No
1293,3,10,20170501,20220901,34,Female,Married,3,Technical Degree,Travel_Frequently,24,1,2950,15,0,Yes,3,3,3,2,4,3,6,15.5,9.3,4.0,2.3,8.2,6,Yes
1294,3,9,20170701,,33,Male,Married,4,Human Resources,Travel_Rarely,16,4,12920,15,1,No,2,3,3,1,4,3,5,11.1,9.2,5.5,6.0,4.8,6,No
1295,3,10,20190401,20200901,60,Female,Single,4,Life Sciences,Non-Travel,5,3,8300,19,3,No,3,2,4,3,3,4,2,14.0,7.5,3.0,4.9,1.5,4,Yes
1296,3,9,20120101,,32,Male,Divorced,3,Medical,Non-Travel,29,2,5430,14,1,Yes,3,2,4,3,1,3,3,19.7,14.7,13.0,2.0,5.6,3,No
1297,3,9,20200901,20250301,41,Female,Divorced,2,Medical,Travel_Rarely,15,3,7140,16,2,No,3,3,4,1,3,3,2,12.3,6.0,2.0,2.3,4.8,5,Yes
1298,2,8,20200901,,48,Female,Divorced,5,Marketing,Travel_Rarely,9,2,3990,25,0,No,2,1,2,1,3,3,2,7.7,6.0,2.5,1.3,2.8,2,No
1299,1,2,20120601,,44,Male,Single,3,Medical,Non-Travel,11,2,5580,24,1,No,1,1,2,2,2,3,5,18.9,14.3,8.2,7.5,9.6,4,No
1300,2,8,20150901,,48,Female,Divorced,2,Medical,Travel_Rarely,4,1,3700,22,2,Yes,3,1,4,1,3,3,1,16.5,11.1,7.7,0.5,3.1,0,No
1301,2,6,20130301,20140301,50,Female,Divorced,3,Technical Degree,Travel_Rarely,14,1,3080,19,2,Yes,1,4,1,3,4,3,2,13.7,13.5,11.4,6.4,9.5,2,Yes
1302,2,7,20230701,20251001,25,Male,Divorced,4,Medical,Travel_Frequently,4,2,6340,24,0,Yes,2,1,1,2,4,3,1,4.1,3.2,1.8,1.5,1.1,3,Yes
1303,1,1,20170501,,32,Male,Single,2,Technical Degree,Travel_Rarely,11,2,7450,21,0,No,3,3,1,3,2,3,2,17.1,9.4,3.2,0.2,7.2,2,No
1304,2,7,20190701,20230901,56,Female,Single,3,Technical Degree,Travel_Rarely,28,4,11180,20,0,No,2,2,4,2,4,3,5,10.9,7.2,0.5,0.5,1.3,1,Yes
1305,2,5,20241001,,54,Female,Divorced,4,Human Resources,Travel_Rarely,7,1,3060,15,0,Yes,3,3,3,2,4,3,3,8.9,1.9,0.8,0.9,0.1,0,No
1306,1,3,20190501,20200201,23,Female,Single,5,Other,Travel_Rarely,7,3,8430,22,0,Yes,4,2,2,2,4,3,0,13.0,7.3,4.0,0.2,2.3,2,Yes
1307,1,1,20200901,,57,Female,Single,4,Technical Degree,Travel_Frequently,1,3,7810,13,0,No,3,3,3,3,4,4,0,7.9,6.0,5.6,0.2,3.9,5,No
1308,2,8,20141001,,26,Female,Divorced,3,Human Resources,Non-Travel,24,3,8770,20,0,Yes,3,1,1,2,3,3,4,12.9,12.0,4.5,5.3,0.4,0,No
1309,3,10,20150901,,56,Male,Single,4,Other,Travel_Rarely,23,3,9870,22,2,No,2,4,3,2,4,3,0,15.7,11.0,10.9,4.1,7.1,6,No
1310,1,1,20171101,,52,Female,Married,3,Life Sciences,Non-Travel,24,1,3340,21,2,Yes,3,4,4,4,3,3,3,10.3,8.9,0.1,4.8,5.8,6,No
1311,1,2,20260101,,56,Female,Divorced,4,Life Sciences,Travel_Rarely,3,3,10450,21,1,No,1,2,1,3,3,3,0,8.6,0.7,0.6,0.6,0.3,2,No
1312,3,9,20241001,,50,Female,Married,4,Technical Degree,Travel_Frequently,4,1,3220,21,1,Yes,3,4,2,1,3,3,1,4.2,2.0,1.2,0.3,0.8,2,No
1313,2,6,20180901,,45,Male,Divorced,2,Medical,Travel_Rarely,30,2,5420,15,1,No,3,3,3,1,3,3,3,14.9,8.0,7.2,1.0,1.6,5,No
1314,3,9,20140401,,47,Female,Single,3,Marketing,Travel_Frequently,10,2,4400,16,2,No,3,3,4,2,3,3,3,13.4,12.4,1.4,9.0,3.3,1,No
1315,3,10,20251101,,58,Female,Single,3,Medical,Travel_Rarely,19,2,4200,20,0,Yes,3,2,3,3,2,3,2,7.6,0.9,0.6,0.1,0.3,6,No
1316,3,9,20230901,20241101,34,Male,Married,3,Other,Travel_Rarely,11,3,8610,11,0,Yes,3,4,4,2,3,3,1,7.2,3.1,2.3,2.4,1.2,4,Yes
1317,2,5,20221201,,44,Male,Married,3,Medical,Travel_Rarely,11,1,3230,21,1,No,4,3,4,3,2,4,3,10.2,3.8,0.5,0.8,1.7,5,No
1318,2,8,20231101,,57,Male,Married,3,Marketing,Travel_Rarely,23,3,10720,18,0,Yes,4,1,4,2,3,3,1,8.3,2.9,0.6,1.9,0.6,5,No
1319,2,7,20170401,20260301,58,Female,Married,3,Other,Travel_Rarely,29,2,6700,16,0,No,3,4,2,4,3,3,3,11.0,9.5,5.8,1.9,5.5,6,Yes
1320,1,2,20130501,,22,Female,Single,4,Technical Degree,Non-Travel,1,2,5540,12,1,Yes,4,3,3,4,3,3,1,17.2,13.4,8.3,4.7,11.3,1,No
1321,3,10,20191001,,36,Female,Married,3,Marketing,Travel_Rarely,28,2,4370,24,3,Yes,3,4,4,2,2,3,5,13.4,7.0,6.2,0.5,0.6,2,No
1322,2,5,20210601,,47,Male,Single,5,Medical,Non-Travel,8,1,3700,24,2,No,3,2,2,2,3,3,1,8.0,5.3,1.3,2.1,3.8,6,No
1323,2,6,20250701,20260101,37,Female,Divorced,4,Life Sciences,Travel_Frequently,2,5,16870,16,0,No,2,4,1,2,4,3,6,4.5,1.2,1.0,0.3,0.7,5,Yes
1324,2,7,20190201,,25,Female,Divorced,5,Life Sciences,Travel_Rarely,7,1,3650,17,0,Yes,3,1,2,4,4,3,2,11.2,7.7,5.1,0.7,5.6,3,No
1325,2,6,20180401,20190401,56,Male,Married,4,Other,Travel_Rarely,10,1,3650,21,1,No,3,2,3,3,3,3,1,14.3,8.5,4.7,4.8,6.0,2,Yes
1326,2,4,20130901,,53,Female,Divorced,3,Other,Travel_Rarely,29,1,2140,22,0,Yes,3,4,2,3,3,3,2,17.6,13.0,7.5,3.7,2.2,2,No
1327,3,9,20140601,20170201,53,Female,Married,4,Marketing,Non-Travel,22,4,11510,12,3,No,2,2,3,2,4,3,4,12.9,12.3,6.7,5.7,11.6,6,Yes
1328,3,9,20190801,20240201,22,Male,Single,2,Medical,Travel_Frequently,29,1,3900,19,0,No,3,1,1,4,4,4,4,14.2,7.1,1.5,2.6,5.9,3,Yes
1329,2,8,20190801,,26,Male,Single,5,Life Sciences,Travel_Rarely,15,3,8130,23,0,No,4,2,4,4,3,3,1,9.1,7.1,5.9,5.4,1.8,3,No
1330,2,7,20150601,,46,Female,Married,5,Life Sciences,Travel_Frequently,27,1,3220,24,0,No,1,4,4,1,3,3,1,15.2,11.3,1.5,0.4,7.3,4,No
1331,2,8,20220701,,30,Female,Married,3,Medical,Travel_Frequently,19,2,3600,23,1,No,3,4,3,2,2,3,5,7.7,4.2,1.2,0.3,3.1,0,No
1332,1,3,20120801,,53,Male,Married,2,Other,Travel_Rarely,24,1,3300,21,2,No,3,4,4,2,3,3,0,15.4,14.1,11.8,7.7,6.0,4,No
1333,1,2,20190701,,48,Male,Divorced,4,Life Sciences,Travel_Rarely,28,1,3140,19,1,No,3,2,2,3,3,4,6,9.2,7.2,5.1,5.2,2.5,1,No
1334,2,8,20250101,20250301,45,Female,Divorced,2,Technical Degree,Non-Travel,25,2,5510,22,0,No,3,2,3,2,1,3,2,3.6,1.7,1.6,1.4,1.6,6,Yes
1335,2,6,20170501,20200201,60,Male,Married,2,Marketing,Non-Travel,14,1,2460,23,3,No,2,4,4,1,4,3,0,11.1,9.4,6.5,1.0,7.0,2,Yes
1336,2,8,20150901,,30,Male,Single,2,Marketing,Travel_Frequently,7,3,4780,13,0,No,3,1,3,3,4,4,0,17.7,11.0,8.7,5.1,10.6,6,No
1337,3,10,20190601,,35,Female,Married,3,Other,Travel_Rarely,19,3,5680,12,0,No,3,4,2,4,4,4,3,14.3,7.3,7.0,0.9,6.6,4,No
1338,2,4,20130801,,24,Female,Divorced,4,Marketing,Non-Travel,26,3,8530,15,1,Yes,3,1,1,1,1,3,4,20.2,13.1,8.8,0.3,3.1,0,No
1339,1,1,20201001,20230301,55,Male,Married,2,Life Sciences,Travel_Rarely,21,3,8090,18,2,Yes,4,2,1,1,2,3,3,13.8,6.0,0.4,3.8,2.8,3,Yes
1340,2,5,20250301,,40,Male,Single,3,Life Sciences,Non-Travel,10,1,3970,16,0,Yes,4,3,2,1,3,4,0,8.6,1.6,1.3,0.5,0.6,1,No
1341,1,3,20111201,,35,Female,Married,3,Other,Travel_Frequently,29,4,9500,25,2,No,3,3,4,4,4,3,6,15.5,14.8,5.6,11.6,10.5,3,No
1342,1,2,20131001,,29,Male,Divorced,2,Human Resources,Travel_Rarely,8,2,4970,20,0,Yes,3,3,4,4,1,3,2,14.8,13.0,5.9,8.3,2.1,3,No
1343,2,4,20251201,,38,Male,Divorced,4,Human Resources,Travel_Rarely,8,3,7480,16,1,No,3,4,1,4,3,3,5,4.8,0.8,0.8,0.5,0.6,3,No
1344,1,1,20210501,,44,Female,Married,2,Human Resources,Travel_Frequently,8,3,9940,25,1,No,2,1,3,3,4,3,0,10.1,5.4,2.4,3.6,1.7,4,No
1345,1,3,20190201,20200501,24,Female,Married,4,Other,Non-Travel,25,2,4650,18,1,No,3,3,4,3,4,3,6,13.6,7.6,5.1,2.0,7.1,5,Yes
1346,1,1,20200601,,23,Female,Single,4,Other,Travel_Frequently,26,2,4930,22,0,Yes,3,3,1,4,1,4,0,6.5,6.3,4.8,2.0,4.8,5,No
1347,3,9,20201101,20240301,48,Female,Married,3,Life Sciences,Travel_Frequently,16,1,2580,12,2,Yes,4,3,3,1,2,3,2,13.5,5.9,0.9,2.6,4.5,6,Yes
1348,2,5,20180301,,35,Male,Married,2,Medical,Travel_Rarely,9,3,7980,11,2,No,3,1,4,2,4,3,3,13.8,8.5,6.6,4.8,5.2,3,No
1349,3,9,20230101,,58,Male,Married,4,Technical Degree,Travel_Rarely,3,3,8300,12,2,No,4,4,4,1,4,3,5,6.0,3.7,0.1,3.2,0.4,2,No
1350,2,8,20160501,,24,Male,Single,3,Marketing,Travel_Rarely,10,3,9300,23,1,Yes,2,1,1,3,2,3,6,12.6,10.4,7.6,1.6,9.2,6,No
1351,1,2,20260101,,25,Male,Divorced,4,Life Sciences,Travel_Rarely,26,4,15880,15,0,Yes,3,3,4,3,4,3,4,3.7,0.7,0.3,0.2,0.3,2,No
1352,3,9,20170601,,37,Male,Married,2,Technical Degree,Travel_Rarely,9,2,7950,22,0,No,2,4,2,3,4,4,5,10.2,9.3,6.4,6.2,5.8,4,No
1353,2,7,20250401,20260201,54,Male,Divorced,4,Other,Travel_Rarely,2,1,3450,20,0,Yes,3,1,2,3,4,3,5,5.7,1.4,0.4,0.9,1.1,5,Yes
1354,1,1,20150701,,42,Male,Married,1,Marketing,Travel_Frequently,26,1,3890,23,2,Yes,4,3,2,3,3,3,5,16.9,11.2,5.7,6.6,9.9,2,No
1355,2,5,20191001,,57,Female,Married,3,Human Resources,Travel_Rarely,17,2,5010,22,1,No,3,3,2,3,2,4,4,10.4,7.0,5.6,0.3,0.1,4,No
1356,2,5,20260201,,45,Male,Divorced,2,Life Sciences,Travel_Frequently,12,2,5350,11,0,No,3,3,4,4,4,3,2,7.7,0.6,0.2,0.3,0.5,5,No
1357,2,8,20230801,20250301,22,Female,Divorced,3,Medical,Travel_Rarely,22,1,3340,24,0,No,3,4,3,2,3,3,2,6.0,3.1,2.9,2.5,2.2,4,Yes
1358,1,3,20170101,,50,Female,Single,5,Other,Travel_Rarely,11,1,3350,22,1,No,3,3,4,3,4,3,3,10.4,9.7,8.3,5.7,2.6,5,No
1359,1,2,20230601,20250901,52,Female,Divorced,4,Other,Travel_Rarely,1,2,6010,25,0,Yes,3,3,4,2,1,3,5,6.8,3.3,0.4,0.8,2.8,0,Yes
1360,2,6,20210601,,44,Male,Single,3,Medical,Travel_Rarely,26,3,11450,13,0,Yes,3,2,3,3,2,4,1,9.3,5.3,5.1,5.1,1.9,4,No
1361,1,3,20220701,20241001,49,Female,Married,4,Technical Degree,Travel_Rarely,21,2,5440,18,1,No,2,3,4,2,4,3,6,5.9,4.2,0.9,2.9,0.9,0,Yes
1362,1,1,20120701,,52,Female,Single,3,Life Sciences,Travel_Rarely,13,4,11760,16,0,No,3,3,3,2,4,3,4,19.2,14.2,13.5,9.9,5.5,0,No
1363,3,9,20131101,,33,Male,Divorced,3,Technical Degree,Travel_Rarely,27,1,3650,14,2,No,2,1,2,2,4,3,3,20.7,12.8,0.7,8.0,10.8,5,No
1364,2,6,20260301,,59,Male,Divorced,3,Medical,Travel_Rarely,3,4,14940,12,1,No,4,4,2,2,4,3,5,0.5,0.5,0.0,0.1,0.0,4,No
1365,1,1,20120901,,29,Male,Single,4,Life Sciences,Non-Travel,12,2,5710,24,3,No,3,1,3,1,3,4,2,21.3,14.0,12.5,7.2,6.5,3,No
1366,1,3,20150201,,38,Male,Single,1,Life Sciences,Travel_Rarely,11,1,3560,11,1,No,3,1,2,2,4,3,6,16.6,11.6,4.9,7.5,6.0,1,No
1367,3,10,20170101,,39,Female,Single,2,Technical Degree,Non-Travel,10,4,11920,21,0,No,1,4,2,3,1,4,5,17.3,9.7,1.0,8.8,2.8,2,No
1368,2,5,20180301,20220901,59,Male,Divorced,2,Marketing,Travel_Rarely,23,2,4860,24,2,No,3,4,3,2,2,3,4,12.2,8.6,8.3,3.8,7.7,6,Yes
1369,2,7,20150501,,50,Male,Married,5,Marketing,Travel_Rarely,16,5,18580,24,0,Yes,3,3,4,3,2,4,2,15.0,11.4,2.7,6.6,6.1,1,No
1370,2,8,20251001,,55,Male,Married,1,Technical Degree,Travel_Frequently,12,2,6170,17,2,No,4,1,1,4,4,4,4,4.9,1.0,0.6,0.4,0.1,5,No
1371,1,3,20180601,,51,Male,Married,2,Technical Degree,Travel_Rarely,1,1,2580,16,2,No,2,2,4,2,4,3,6,11.4,8.3,4.0,1.5,0.6,0,No
1372,1,1,20130101,,42,Female,Divorced,3,Medical,Non-Travel,30,3,5930,17,0,No,2,3,2,3,3,3,2,14.1,13.7,13.1,0.4,12.4,5,No
1373,2,8,20170201,,49,Male,Divorced,4,Technical Degree,Travel_Frequently,8,1,3640,20,0,No,4,3,2,4,2,3,2,10.0,9.6,4.8,9.0,1.0,0,No
1374,2,7,20180801,,36,Female,Married,4,Medical,Travel_Rarely,12,2,5750,12,1,No,2,3,3,1,2,3,5,15.2,8.1,5.7,6.5,6.7,1,No
1375,2,5,20201101,,27,Female,Single,3,Technical Degree,Travel_Rarely,28,3,10750,13,0,No,3,1,3,4,2,4,5,11.4,5.9,1.0,3.7,0.8,5,No
1376,2,5,20151001,,38,Female,Married,3,Technical Degree,Travel_Rarely,13,1,2560,17,1,No,4,3,4,3,4,3,3,11.5,10.9,9.0,7.3,1.2,3,No
1377,2,8,20180101,,49,Female,Married,4,Technical Degree,Non-Travel,17,4,13750,17,0,No,4,4,1,3,2,3,2,11.9,8.7,2.2,8.5,0.4,4,No
1378,1,3,20200601,,58,Female,Single,3,Technical Degree,Travel_Rarely,14,1,2940,24,1,No,3,2,3,3,2,3,2,7.4,6.3,0.0,0.5,4.4,6,No
1379,2,5,20230101,,47,Female,Single,1,Human Resources,Travel_Rarely,19,1,3730,12,3,No,3,3,4,3,2,3,4,10.1,3.7,0.3,0.9,0.7,2,No
1380,2,6,20131101,,44,Male,Divorced,3,Marketing,Travel_Frequently,12,5,12420,14,0,No,4,4,4,2,3,3,3,16.0,12.9,4.4,3.6,5.3,0,No
1381,2,6,20210201,,43,Female,Married,3,Human Resources,Travel_Rarely,29,2,5500,19,3,No,2,4,4,3,3,3,4,10.9,5.6,1.1,4.7,4.0,0,No
1382,2,7,20160201,20260101,29,Female,Married,3,Human Resources,Travel_Frequently,10,2,6610,16,2,Yes,3,3,2,3,4,3,5,14.0,10.6,10.1,6.3,4.2,0,Yes
1383,1,1,20120901,,29,Female,Single,4,Human Resources,Travel_Rarely,22,1,3890,23,0,No,1,1,2,3,4,3,0,16.5,14.0,10.1,9.5,1.8,2,No
1384,2,5,20190201,20251101,47,Male,Single,2,Life Sciences,Travel_Rarely,17,1,3920,13,0,Yes,2,4,1,2,2,3,5,11.0,7.6,1.6,6.0,4.6,2,Yes
1385,3,9,20250401,20250901,39,Male,Divorced,4,Marketing,Non-Travel,9,3,8470,24,0,No,2,1,3,4,3,3,2,2.6,1.5,0.4,0.4,1.1,0,Yes
1386,1,1,20260501,,40,Male,Single,5,Life Sciences,Travel_Rarely,8,1,2800,24,1,No,3,2,3,2,3,3,2,4.1,0.4,0.0,0.2,0.1,1,No
1387,2,8,20240401,20250101,35,Female,Married,3,Marketing,Non-Travel,29,2,5890,24,0,No,2,3,1,2,1,3,3,4.8,2.5,2.3,0.4,1.0,5,Yes
1388,2,4,20140701,20240701,36,Male,Married,3,Medical,Travel_Frequently,16,3,6590,24,1,Yes,4,3,3,1,3,3,2,20.0,12.2,7.9,4.0,2.2,4,Yes
1389,2,6,20190801,20220601,59,Male,Divorced,4,Other,Travel_Frequently,3,3,8900,25,1,No,4,4,2,1,1,3,0,10.9,7.2,6.6,6.8,5.8,2,Yes
1390,2,4,20230101,20251201,46,Female,Married,3,Marketing,Non-Travel,23,4,12930,11,1,No,3,2,4,4,3,3,2,9.7,3.7,2.1,2.9,2.2,2,Yes
1391,1,1,20240401,,53,Female,Divorced,4,Marketing,Non-Travel,2,4,12180,13,0,No,3,3,4,4,4,3,1,3.0,2.5,2.3,0.5,1.9,2,No
1392,1,2,20160401,,51,Male,Divorced,3,Other,Travel_Rarely,23,2,4910,21,2,Yes,3,3,4,2,4,3,1,15.7,10.5,2.5,2.9,4.4,2,No
1393,2,4,20190801,,42,Male,Married,3,Marketing,Travel_Frequently,27,2,5070,24,1,No,4,3,4,1,4,3,0,14.9,7.1,5.4,5.8,3.7,6,No
1394,2,4,20131101,,35,Female,Divorced,2,Marketing,Non-Travel,6,4,11040,16,0,Yes,2,3,4,3,4,3,0,19.6,12.9,9.5,6.7,8.2,5,No
1395,2,8,20230601,20250701,46,Female,Single,2,Marketing,Non-Travel,3,2,6050,12,0,Yes,3,3,4,2,4,3,3,10.8,3.3,1.0,0.2,2.0,1,Yes
1396,1,1,20140301,,26,Female,Divorced,4,Technical Degree,Travel_Frequently,7,4,15700,18,1,No,2,4,2,3,3,3,4,14.7,12.6,5.8,5.4,8.1,0,No
1397,2,8,20171101,,53,Male,Married,3,Marketing,Travel_Frequently,22,2,5750,13,2,No,3,4,1,2,3,3,5,11.9,8.9,2.7,5.0,3.8,5,No
1398,3,10,20230501,,51,Male,Married,3,Technical Degree,Travel_Rarely,8,1,3770,24,2,No,4,4,3,2,4,3,6,5.1,3.4,3.1,0.5,1.5,2,No
1399,2,4,20161201,,36,Female,Divorced,4,Marketing,Travel_Rarely,24,2,7480,17,0,No,3,3,4,3,3,3,2,13.0,9.7,1.0,3.4,9.1,4,No
1400,2,5,20120101,20210101,37,Female,Single,4,Medical,Travel_Rarely,14,1,3060,15,0,No,4,4,2,3,4,3,4,20.1,14.7,9.2,1.2,14.1,4,Yes
1401,3,10,20230801,20240701,33,Female,Married,3,Technical Degree,Travel_Frequently,8,2,5650,21,2,No,2,4,1,2,3,3,4,8.3,3.1,2.4,0.6,3.0,0,Yes
1402,2,4,20220401,20240401,58,Male,Married,3,Medical,Non-Travel,25,2,5090,12,0,Yes,1,2,3,4,3,3,5,6.4,4.5,3.7,2.9,3.1,0,Yes
1403,3,10,20151001,20180401,22,Male,Single,4,Other,Travel_Rarely,23,2,7150,18,0,Yes,3,4,2,3,4,3,0,16.1,11.0,4.4,6.3,7.6,4,Yes
1404,3,9,20150801,,51,Male,Married,3,Life Sciences,Travel_Frequently,23,1,3190,18,0,No,4,4,4,1,3,3,0,13.5,11.1,6.9,1.3,10.8,5,No
1405,1,1,20120401,,55,Male,Married,4,Other,Non-Travel,12,4,13400,12,1,No,2,4,3,3,3,3,5,15.4,14.5,12.1,2.4,5.5,5,No
1406,1,3,20140101,,26,Male,Single,3,Life Sciences,Travel_Rarely,13,1,3640,22,2,No,3,3,1,3,4,3,1,15.5,12.7,3.7,6.7,11.5,5,No
1407,1,3,20220601,,59,Male,Single,2,Marketing,Travel_Frequently,6,2,5160,23,3,Yes,3,3,1,4,1,3,1,8.4,4.3,3.8,3.2,1.9,0,No
1408,2,5,20190601,,25,Male,Divorced,1,Marketing,Travel_Rarely,30,1,3830,23,1,No,2,3,3,3,3,3,4,13.7,7.3,0.0,1.9,2.3,0,No
1409,2,7,20210601,,38,Female,Single,5,Marketing,Travel_Rarely,15,5,19260,19,0,No,1,4,3,2,1,3,1,7.9,5.3,3.8,0.0,2.6,6,No
1410,2,4,20140901,,37,Male,Married,4,Medical,Travel_Rarely,13,1,4120,18,1,No,4,4,3,1,1,3,1,12.3,12.1,10.7,7.2,4.4,3,No
1411,2,6,20220401,,49,Female,Divorced,3,Human Resources,Travel_Frequently,15,2,5200,21,0,No,2,4,3,3,4,3,2,9.5,4.5,0.4,4.0,3.5,6,No
1412,2,5,20161001,20180801,42,Female,Married,3,Other,Travel_Rarely,1,1,3650,13,2,Yes,3,2,1,4,4,3,4,13.2,9.9,0.7,8.5,1.3,6,Yes
1413,2,4,20210601,,56,Male,Married,5,Other,Travel_Rarely,7,1,3910,21,1,No,3,3,3,3,3,3,1,7.6,5.2,2.6,0.8,2.4,1,No
1414,1,3,20160101,,60,Male,Single,4,Other,Travel_Frequently,20,2,4800,21,0,Yes,3,4,2,3,3,3,0,17.8,10.7,6.7,1.7,9.6,5,No
1415,3,10,20181101,,56,Male,Married,4,Other,Travel_Rarely,13,5,15960,24,0,Yes,2,2,1,3,2,4,3,8.9,7.9,1.9,0.6,5.8,3,No
1416,2,4,20230901,,38,Male,Single,4,Marketing,Travel_Rarely,28,2,5650,23,2,No,3,2,2,3,1,3,2,3.8,3.1,1.2,0.6,2.7,2,No
1417,1,2,20241001,20250201,40,Male,Married,5,Marketing,Travel_Frequently,11,1,3220,19,1,No,2,4,4,3,3,4,2,2.6,2.0,0.9,0.5,1.2,0,Yes
1418,1,2,20210101,20260401,47,Female,Married,4,Other,Travel_Rarely,15,1,2960,21,3,No,3,4,3,3,4,3,3,11.0,5.7,1.6,3.3,5.0,6,Yes
1419,2,6,20141001,,28,Female,Married,2,Other,Travel_Frequently,2,2,5960,16,1,No,4,1,3,2,3,3,5,13.8,12.0,3.3,10.6,2.1,1,No
1420,3,9,20120501,,45,Male,Married,4,Medical,Travel_Rarely,13,1,2970,23,2,Yes,3,2,3,2,1,3,5,14.9,14.3,3.8,5.9,6.1,6,No
1421,1,2,20180101,,54,Female,Divorced,4,Other,Travel_Rarely,1,4,12470,14,0,Yes,1,4,4,2,4,3,0,11.4,8.7,3.7,7.4,2.3,6,No
1422,2,7,20221001,,53,Male,Divorced,2,Medical,Travel_Rarely,5,4,14160,20,0,No,3,3,3,4,3,3,4,4.5,4.0,1.6,0.3,3.0,0,No
1423,1,2,20171101,,39,Male,Married,2,Marketing,Travel_Frequently,30,3,7610,19,1,No,4,4,4,3,3,3,5,9.0,8.9,4.2,7.5,1.5,3,No
1424,2,4,20190801,20221001,52,Male,Divorced,1,Medical,Travel_Frequently,7,2,6250,18,0,No,3,1,3,3,4,3,4,11.1,7.1,4.1,4.7,4.3,2,Yes
1425,2,4,20161201,20180101,57,Male,Single,5,Marketing,Travel_Rarely,21,2,6870,14,0,No,3,4,3,4,2,3,5,15.7,9.8,8.6,5.2,7.5,1,Yes
1426,3,9,20180201,,39,Male,Married,4,Medical,Non-Travel,9,1,3280,19,0,No,3,3,2,3,2,3,6,11.1,8.6,5.6,7.9,4.5,5,No
1427,2,8,20170401,,58,Female,Single,4,Technical Degree,Travel_Rarely,28,3,8930,25,1,Yes,3,2,4,4,4,3,1,16.8,9.4,8.7,7.3,3.0,3,No
1428,3,10,20221101,,24,Male,Divorced,4,Technical Degree,Travel_Rarely,19,3,7140,17,0,No,2,4,3,2,4,4,1,10.7,3.9,3.3,2.3,2.5,4,No
1429,1,3,20251001,,24,Male,Divorced,3,Human Resources,Travel_Rarely,5,2,5430,16,0,Yes,3,2,4,2,4,4,4,4.4,0.9,0.1,0.2,0.1,3,No
1430,2,6,20161101,,31,Female,Married,3,Life Sciences,Travel_Rarely,8,4,10370,12,0,Yes,3,3,2,2,2,3,0,15.8,9.8,0.2,0.6,3.5,2,No
1431,2,4,20121101,20260701,34,Male,Married,4,Life Sciences,Travel_Rarely,27,3,11110,15,0,No,3,2,3,4,3,3,1,14.3,13.8,1.2,12.2,5.3,5,Yes
1432,2,4,20230201,,26,Male,Married,3,Human Resources,Travel_Rarely,24,2,6180,18,2,No,3,4,2,4,3,3,3,9.1,3.6,0.2,2.1,3.3,2,No
1433,1,1,20210101,,34,Female,Divorced,4,Life Sciences,Non-Travel,20,1,3500,19,1,Yes,3,2,2,3,4,3,0,7.3,5.7,4.4,4.1,0.6,5,No
1434,1,2,20160301,,40,Female,Married,4,Other,Travel_Rarely,13,3,11230,16,1,No,2,4,2,3,3,3,6,10.7,10.5,4.0,0.2,1.5,3,No
1435,3,9,20130901,,36,Female,Divorced,3,Medical,Travel_Rarely,16,1,3030,22,2,No,4,3,2,3,1,3,4,16.7,13.1,0.7,7.6,0.7,1,No
1436,3,9,20130601,,56,Male,Divorced,4,Other,Travel_Rarely,11,1,2910,22,1,No,2,4,3,4,4,3,3,20.9,13.3,4.0,8.0,12.7,6,No
1437,2,4,20180501,,58,Male,Single,2,Marketing,Travel_Rarely,16,1,3120,12,1,No,3,3,4,3,2,3,5,9.8,8.4,7.3,8.2,7.4,3,No
1438,1,1,20120401,20140701,60,Male,Married,2,Technical Degree,Non-Travel,26,3,8510,18,1,No,3,4,3,2,4,3,5,22.1,14.5,13.1,10.8,13.2,1,Yes
1439,2,4,20231001,,40,Male,Divorced,3,Technical Degree,Travel_Rarely,6,1,3490,25,1,No,2,1,3,3,3,3,3,9.3,2.9,2.2,1.1,0.8,0,No
1440,1,1,20180801,,48,Female,Divorced,2,Human Resources,Travel_Rarely,28,2,6560,20,2,No,4,3,3,3,3,3,5,14.0,8.1,0.9,2.6,6.8,0,No
1441,2,6,20250101,,41,Male,Divorced,2,Technical Degree,Travel_Rarely,12,2,4550,12,1,No,2,1,4,4,3,3,1,3.5,1.7,1.0,0.7,0.3,2,No
1442,2,7,20131101,,58,Female,Divorced,3,Marketing,Non-Travel,14,1,3760,13,1,No,1,4,3,4,4,3,1,18.9,12.9,6.5,7.8,5.3,2,No
1443,1,2,20231201,,48,Female,Single,1,Medical,Non-Travel,13,1,2610,19,2,Yes,2,4,4,4,3,3,0,3.9,2.8,0.8,1.6,2.0,6,No
1444,2,7,20181101,20210301,30,Male,Single,3,Life Sciences,Travel_Rarely,24,3,7270,19,0,Yes,1,4,4,4,4,3,2,11.2,7.9,1.6,5.8,3.9,5,Yes
1445,1,1,20160901,,34,Male,Married,2,Human Resources,Non-Travel,24,1,2960,19,1,Yes,2,4,4,3,3,3,2,12.5,10.1,7.0,3.8,7.6,6,No
1446,3,10,20190201,,42,Female,Single,2,Other,Non-Travel,30,3,8890,18,1,Yes,3,4,2,3,3,3,0,9.2,7.6,4.9,5.1,0.5,5,No
1447,3,10,20210201,,40,Female,Single,2,Human Resources,Non-Travel,7,2,6080,21,1,No,4,1,2,3,3,3,2,6.9,5.6,5.3,1.8,2.9,5,No
1448,2,4,20160801,,30,Female,Divorced,2,Marketing,Travel_Rarely,27,3,8790,14,0,No,3,3,1,3,2,4,5,17.7,10.1,3.3,4.6,1.0,3,No
1449,2,5,20180901,,60,Female,Divorced,2,Human Resources,Travel_Frequently,30,3,7920,18,0,Yes,3,3,2,3,3,3,4,9.4,8.1,5.9,7.7,1.9,3,No
1450,1,3,20171201,,53,Male,Single,5,Other,Travel_Rarely,1,5,21430,20,0,No,4,3,2,3,4,3,4,9.7,8.8,5.0,2.9,2.4,6,No
1451,2,8,20140601,,47,Female,Single,4,Other,Travel_Frequently,30,4,15140,20,0,Yes,3,3,2,4,3,3,5,16.6,12.3,5.4,7.7,0.2,5,No
1452,2,6,20130801,,58,Male,Married,5,Life Sciences,Non-Travel,25,1,2480,11,1,No,3,1,4,2,3,3,3,19.3,13.1,1.1,8.3,0.4,6,No
1453,2,4,20130901,,56,Male,Single,1,Medical,Travel_Rarely,1,2,5290,14,3,Yes,3,3,1,3,3,3,3,17.9,13.0,5.1,6.2,12.7,2,No
1454,2,6,20151201,,52,Female,Single,3,Human Resources,Non-Travel,9,1,3620,22,3,No,2,3,3,3,4,3,1,11.1,10.8,2.8,8.8,2.2,5,No
1455,2,6,20230101,,54,Female,Divorced,2,Life Sciences,Travel_Rarely,29,1,4190,25,0,No,1,2,1,1,1,3,1,6.3,3.7,3.6,0.5,2.2,0,No
1456,3,10,20130801,,50,Male,Single,2,Life Sciences,Travel_Rarely,11,2,5330,23,1,Yes,3,4,2,4,4,3,4,18.5,13.1,12.7,12.1,5.9,4,No
1457,1,1,20140901,,56,Female,Single,2,Medical,Non-Travel,1,1,2760,21,2,No,2,3,1,4,3,3,1,14.5,12.0,6.9,6.0,6.3,6,No
1458,2,5,20250301,,21,Female,Single,3,Other,Travel_Rarely,24,3,6660,13,0,No,3,3,3,3,4,3,6,8.1,1.5,0.5,0.7,0.9,5,No
1459,1,3,20190901,,54,Female,Single,4,Medical,Travel_Rarely,15,3,8320,12,1,Yes,3,2,4,3,3,4,4,7.1,7.0,1.5,4.3,6.8,6,No
1460,1,1,20260701,,32,Female,Married,3,Medical,Non-Travel,8,1,3100,24,1,No,3,2,4,3,3,3,2,4.0,0.2,0.1,0.1,0.0,1,No
1461,3,9,20230201,,56,Male,Single,2,Medical,Non-Travel,17,4,13330,14,0,No,3,3,3,3,3,3,2,7.8,3.6,3.5,1.6,2.9,4,No
1462,1,3,20170701,20210401,45,Female,Married,2,Technical Degree,Non-Travel,24,1,4290,16,2,No,3,4,4,2,4,3,2,11.5,9.2,7.7,4.4,2.4,4,Yes
1463,1,3,20180601,,47,Male,Divorced,4,Life Sciences,Travel_Rarely,29,1,3350,18,0,Yes,3,3,1,3,3,3,5,15.9,8.3,6.3,0.9,0.9,6,No
1464,1,1,20250201,,59,Male,Divorced,3,Other,Travel_Frequently,11,2,5210,14,3,No,2,4,2,2,2,3,1,8.5,1.6,0.4,0.7,1.1,4,No
1465,2,4,20160701,,40,Female,Single,4,Marketing,Travel_Rarely,17,2,4500,11,2,No,2,2,2,3,4,3,5,10.6,10.2,0.8,8.8,8.9,0,No
1466,3,9,20120601,,45,Male,Divorced,3,Other,Travel_Rarely,6,5,21440,21,1,No,2,3,4,2,3,3,3,17.3,14.3,13.4,13.7,3.6,6,No
1467,2,7,20121201,,54,Male,Divorced,5,Medical,Travel_Rarely,6,3,10140,11,2,No,3,4,2,2,3,4,6,15.0,13.8,10.0,13.1,1.2,0,No
1468,2,6,20140701,,38,Female,Married,2,Marketing,Non-Travel,25,4,16010,16,0,Yes,1,4,2,2,3,3,1,17.1,12.2,3.9,10.9,10.8,2,No
1469,1,1,20180701,20260401,40,Female,Divorced,5,Human Resources,Travel_Rarely,3,3,8650,17,0,Yes,3,4,2,2,3,3,3,11.7,8.2,3.5,6.5,4.8,3,Yes
1470,3,9,20180701,,55,Male,Single,3,Life Sciences,Travel_Rarely,30,1,3010,14,0,No,2,1,3,3,1,3,2,12.6,8.2,1.5,4.9,5.3,3,No
1471,1,3,20170701,,53,Male,Single,4,Medical,Travel_Rarely,19,1,3350,24,1,Yes,2,4,1,4,1,4,5,11.7,9.2,0.5,7.6,2.6,0,No
1472,2,4,20180701,20221101,45,Female,Single,3,Medical,Travel_Rarely,20,4,11380,17,0,No,4,3,4,2,1,3,5,14.9,8.2,2.5,2.4,0.0,3,Yes
1473,2,7,20200101,,23,Male,Single,4,Technical Degree,Travel_Rarely,17,2,6830,25,2,No,4,2,4,3,3,3,5,10.1,6.7,0.1,0.7,1.8,2,No
1474,2,8,20220901,20260601,35,Male,Single,3,Technical Degree,Travel_Rarely,9,3,7180,11,1,No,3,3,1,3,2,3,4,11.4,4.1,1.1,3.7,3.2,0,Yes
1475,1,1,20201201,20230201,43,Male,Married,3,Technical Degree,Travel_Rarely,3,2,5190,23,0,Yes,3,4,3,2,4,3,0,10.1,5.8,1.4,1.3,1.2,1,Yes
1476,3,9,20150301,20160901,56,Male,Married,2,Other,Travel_Frequently,18,5,21400,13,0,Yes,3,2,1,2,1,3,3,16.2,11.5,11.5,4.1,1.3,5,Yes
1477,2,4,20221101,,59,Female,Single,3,Life Sciences,Travel_Frequently,26,2,4700,11,2,No,4,4,4,2,3,3,3,6.8,3.9,2.9,0.7,1.0,1,No
1478,3,10,20141101,,38,Male,Divorced,4,Human Resources,Travel_Frequently,10,3,8450,24,0,No,3,3,4,2,1,3,2,12.1,11.9,2.7,0.3,4.9,5,No
1479,2,8,20240101,,27,Female,Divorced,4,Life Sciences,Travel_Rarely,16,1,2820,12,1,Yes,3,3,2,3,1,3,0,7.2,2.7,2.5,1.3,0.5,2,No
1480,3,9,20211201,,38,Female,Married,5,Other,Travel_Rarely,8,3,8010,23,0,No,4,3,1,1,1,3,0,8.6,4.8,3.7,2.9,1.9,3,No
1481,2,4,20130701,20180101,53,Male,Married,4,Medical,Non-Travel,1,2,5210,18,0,Yes,3,3,3,4,4,3,2,18.2,13.2,0.1,2.9,3.3,5,Yes
1482,2,7,20120201,,51,Male,Married,2,Marketing,Travel_Rarely,27,2,4400,23,1,No,1,4,4,3,3,3,2,19.0,14.6,3.6,3.6,5.6,5,No
1483,2,7,20140201,20230701,23,Female,Single,4,Medical,Non-Travel,20,2,5290,16,0,No,3,4,4,4,1,3,0,19.3,12.6,11.1,3.7,10.9,4,Yes
1484,2,8,20171201,,55,Male,Divorced,3,Marketing,Travel_Rarely,25,3,6840,23,1,No,1,3,4,3,4,3,4,16.6,8.8,3.0,4.2,4.0,0,No
1485,3,9,20190801,,22,Female,Single,4,Other,Travel_Rarely,6,4,8850,18,1,No,3,4,3,4,3,3,6,10.5,7.1,4.5,6.3,0.2,4,No
1486,2,4,20200901,20260401,47,Male,Married,2,Life Sciences,Travel_Rarely,30,1,3180,16,2,Yes,3,3,1,4,4,3,3,10.3,6.0,2.0,6.0,5.5,0,Yes
1487,3,9,20130801,,60,Female,Divorced,3,Medical,Travel_Rarely,12,2,5020,18,1,No,1,4,2,4,2,3,0,13.7,13.2,11.6,0.3,7.0,2,No
1488,2,8,20201201,20260601,22,Female,Single,4,Technical Degree,Non-Travel,2,1,3680,23,0,No,3,1,4,4,1,3,2,7.8,5.8,4.1,4.9,1.6,6,Yes
1489,1,3,20140101,,58,Female,Divorced,2,Other,Travel_Frequently,24,5,17920,22,1,Yes,4,3,4,3,3,3,3,16.7,12.7,11.4,9.5,3.9,6,No
1490,2,6,20160401,,38,Female,Divorced,3,Marketing,Travel_Frequently,16,4,10030,24,1,No,2,3,4,3,4,3,1,17.1,10.4,7.3,9.8,10.1,3,No
1491,2,8,20170801,,50,Male,Divorced,2,Marketing,Non-Travel,2,1,2470,11,0,No,2,1,4,4,3,3,5,9.1,9.1,5.8,4.3,8.4,6,No
1492,2,8,20160201,,28,Male,Married,5,Human Resources,Travel_Frequently,25,5,23240,18,0,Yes,3,4,4,2,3,3,3,11.4,10.6,4.6,7.9,3.5,5,No
1493,2,7,20181101,,29,Male,Married,2,Life Sciences,Travel_Rarely,11,5,18440,16,0,No,3,3,3,4,2,3,1,10.4,7.9,7.5,3.1,7.8,5,No
1494,3,10,20181001,,22,Female,Divorced,3,Life Sciences,Non-Travel,20,2,6620,12,2,No,2,4,1,4,3,3,2,8.3,8.0,6.5,3.1,0.5,3,No
1495,2,5,20200601,20220801,21,Female,Single,4,Other,Travel_Rarely,11,1,4130,25,0,Yes,3,1,3,1,4,3,4,7.6,6.3,6.1,0.7,5.4,2,Yes
1496,1,2,20111201,,35,Female,Married,4,Human Resources,Non-Travel,4,1,3000,22,0,Yes,3,3,3,4,3,3,3,19.2,14.7,4.4,4.9,5.5,4,No
1497,2,8,20181201,20250801,38,Female,Single,4,Medical,Travel_Rarely,21,4,10080,24,0,Yes,2,1,3,2,3,3,4,15.2,7.8,4.6,6.5,7.5,0,Yes
1498,2,8,20141201,,44,Male,Divorced,3,Medical,Travel_Frequently,9,1,2910,24,0,No,3,4,3,3,3,3,3,13.8,11.8,3.9,0.8,11.6,2,No
1499,1,2,20230401,,46,Female,Divorced,2,Technical Degree,Travel_Frequently,5,3,10660,11,1,No,3,4,1,2,3,3,1,10.9,3.4,2.7,1.5,1.1,5,No
1500,3,10,20111101,,56,Female,Single,4,Human Resources,Travel_Frequently,28,3,6990,25,0,No,2,3,1,3,3,3,5,16.9,14.9,6.7,11.8,4.5,0,No
